/*
SQLyog Ultimate v12.5.1 (64 bit)
MySQL - 8.0.13 : Database - db_paktikum_prognet
*********************************************************************
*/

/*!40101 SET NAMES utf8 */;

/*!40101 SET SQL_MODE=''*/;

/*!40014 SET @OLD_UNIQUE_CHECKS=@@UNIQUE_CHECKS, UNIQUE_CHECKS=0 */;
/*!40014 SET @OLD_FOREIGN_KEY_CHECKS=@@FOREIGN_KEY_CHECKS, FOREIGN_KEY_CHECKS=0 */;
/*!40101 SET @OLD_SQL_MODE=@@SQL_MODE, SQL_MODE='NO_AUTO_VALUE_ON_ZERO' */;
/*!40111 SET @OLD_SQL_NOTES=@@SQL_NOTES, SQL_NOTES=0 */;
CREATE DATABASE /*!32312 IF NOT EXISTS*/`db_paktikum_prognet` /*!40100 DEFAULT CHARACTER SET latin1 */;

USE `db_paktikum_prognet`;

/*Table structure for table `admin_notifications` */

DROP TABLE IF EXISTS `admin_notifications`;

CREATE TABLE `admin_notifications` (
  `id` char(36) CHARACTER SET utf8mb4 COLLATE utf8mb4_unicode_ci NOT NULL,
  `type` varchar(191) CHARACTER SET utf8mb4 COLLATE utf8mb4_unicode_ci NOT NULL,
  `notifiable_type` varchar(191) CHARACTER SET utf8mb4 COLLATE utf8mb4_unicode_ci NOT NULL,
  `notifiable_id` int(10) unsigned NOT NULL,
  `data` text CHARACTER SET utf8mb4 COLLATE utf8mb4_unicode_ci NOT NULL,
  `read_at` timestamp NULL DEFAULT NULL,
  `created_at` timestamp NULL DEFAULT NULL,
  `updated_at` timestamp NULL DEFAULT NULL,
  PRIMARY KEY (`id`),
  KEY `seller_notifications_notifiable_type_notifiable_id_index` (`notifiable_type`,`notifiable_id`),
  KEY `notifiable_id` (`notifiable_id`),
  CONSTRAINT `admin_notifications_ibfk_1` FOREIGN KEY (`notifiable_id`) REFERENCES `admins` (`id`)
) ENGINE=InnoDB DEFAULT CHARSET=utf8mb4 COLLATE=utf8mb4_unicode_ci;

/*Data for the table `admin_notifications` */

insert  into `admin_notifications`(`id`,`type`,`notifiable_type`,`notifiable_id`,`data`,`read_at`,`created_at`,`updated_at`) values 
('12288608-0096-49a9-a851-e3826c74da22','App\\Notifications\\AdminNotification','App\\Admin',1,'<a class=\'dropdown-item\' href=\'/admin/products/12\'><div class=\'item-content flex-grow\'><h6 class=\'ellipsis font-weight-normal\'></h6><p class=\'font-weight-light small-text text-muted mb-0\'>Produk di Review</p></div></a>','2020-05-26 05:27:32','2020-05-26 05:26:14','2020-05-26 05:27:32'),
('2cf11b81-6471-47e5-835e-c4ad68ed39b9','App\\Notifications\\AdminNotification','App\\Admin',1,'<a class=\'dropdown-item\' href=\'/admin/transaksi/detail/17\'><div class=\'item-content flex-grow\'><h6 class=\'ellipsis font-weight-normal\'>Wahyu</h6><p class=\'font-weight-light small-text text-muted mb-0\'>Ada Transaksi Baru</p></div></a>','2020-05-26 07:01:07','2020-05-26 14:44:52','2020-05-26 07:01:07'),
('3eabd9be-c5a4-4115-81ae-2641db1d8d87','App\\Notifications\\AdminNotification','App\\Admin',1,'<a class=\'dropdown-item\' href=\'/admin/transaksi/detail/15\'><div class=\'item-content flex-grow\'><h6 class=\'ellipsis font-weight-normal\'>Wahyu</h6><p class=\'font-weight-light small-text text-muted mb-0\'>Bukti Bayar Diupload</p></div></a>','2020-05-26 05:04:20','2020-05-26 04:58:35','2020-05-26 05:04:20'),
('91c0a3d9-f0e8-4420-b7c8-17256f9a6a05','App\\Notifications\\AdminNotification','App\\Admin',1,'<a class=\'dropdown-item\' href=\'/admin/products/12\'><div class=\'item-content flex-grow\'><h6 class=\'ellipsis font-weight-normal\'></h6><p class=\'font-weight-light small-text text-muted mb-0\'>Product di Review</p></div></a>','2020-05-26 05:23:50','2020-05-26 05:11:45','2020-05-26 05:23:50'),
('92ff9cf7-efc9-4df3-b1b8-aac13b99d07f','App\\Notifications\\AdminNotification','App\\Admin',1,'<a class=\'dropdown-item\' href=\'/admin/transaksi/detail/16\'><div class=\'item-content flex-grow\'><h6 class=\'ellipsis font-weight-normal\'>Wahyu</h6><p class=\'font-weight-light small-text text-muted mb-0\'>Ada Transaksi Baru</p></div></a>','2020-05-26 05:32:01','2020-05-26 13:31:22','2020-05-26 05:32:01'),
('94501d10-334f-4e86-b4de-6bf08e4f69c3','App\\Notifications\\AdminNotification','App\\Admin',1,'<a class=\'dropdown-item\' href=\'/admin/transaksi/detail/15\'><div class=\'item-content flex-grow\'><h6 class=\'ellipsis font-weight-normal\'>Wahyu</h6><p class=\'font-weight-light small-text text-muted mb-0\'>Ada Transaksi Baru</p></div></a>','2020-05-26 04:54:12','2020-05-26 12:51:24','2020-05-26 04:54:12'),
('a3ad9509-a60a-4f6d-a78d-e3c3db08327a','App\\Notifications\\AdminNotification','App\\Admin',1,'<a class=\'dropdown-item\' href=\'/admin/transaksi/detail/17\'><div class=\'item-content flex-grow\'><h6 class=\'ellipsis font-weight-normal\'>Wahyu</h6><p class=\'font-weight-light small-text text-muted mb-0\'>Bukti Bayar Diupload</p></div></a>','2020-05-26 07:01:07','2020-05-26 06:45:05','2020-05-26 07:01:07'),
('ee9e52ef-3e77-4baf-b116-3ddf13366d22','App\\Notifications\\AdminNotification','App\\Admin',1,'<a class=\'dropdown-item\' href=\'/admin/transaksi/detail/16\'><div class=\'item-content flex-grow\'><h6 class=\'ellipsis font-weight-normal\'>Wahyu</h6><p class=\'font-weight-light small-text text-muted mb-0\'>Bukti Bayar Diupload</p></div></a>','2020-05-26 05:32:01','2020-05-26 05:31:49','2020-05-26 05:32:01'),
('f2aa4a48-6ea9-40d1-9b9b-53b26bdb97a5','App\\Notifications\\AdminNotification','App\\Admin',1,'<a class=\'dropdown-item\' href=\'/admin/transaksi/detail/18\'><div class=\'item-content flex-grow\'><h6 class=\'ellipsis font-weight-normal\'>Wahyu</h6><p class=\'font-weight-light small-text text-muted mb-0\'>Ada Transaksi Baru</p></div></a>','2020-05-26 07:01:07','2020-05-26 14:49:43','2020-05-26 07:01:07');

/*Table structure for table `admins` */

DROP TABLE IF EXISTS `admins`;

CREATE TABLE `admins` (
  `id` int(10) unsigned NOT NULL AUTO_INCREMENT,
  `username` varchar(191) CHARACTER SET utf8mb4 COLLATE utf8mb4_unicode_ci DEFAULT NULL,
  `password` varchar(191) CHARACTER SET utf8mb4 COLLATE utf8mb4_unicode_ci NOT NULL,
  `name` varchar(191) CHARACTER SET utf8mb4 COLLATE utf8mb4_unicode_ci NOT NULL,
  `profile_image` varchar(191) CHARACTER SET utf8mb4 COLLATE utf8mb4_unicode_ci NOT NULL,
  `phone` varchar(12) CHARACTER SET utf8mb4 COLLATE utf8mb4_unicode_ci NOT NULL,
  `remember_token` varchar(100) CHARACTER SET utf8mb4 COLLATE utf8mb4_unicode_ci DEFAULT NULL,
  `created_at` timestamp NULL DEFAULT NULL,
  `updated_at` timestamp NULL DEFAULT NULL,
  `status` int(11) DEFAULT NULL,
  PRIMARY KEY (`id`),
  UNIQUE KEY `sellers_email_unique` (`phone`)
) ENGINE=InnoDB AUTO_INCREMENT=2 DEFAULT CHARSET=utf8mb4 COLLATE=utf8mb4_unicode_ci;

/*Data for the table `admins` */

insert  into `admins`(`id`,`username`,`password`,`name`,`profile_image`,`phone`,`remember_token`,`created_at`,`updated_at`,`status`) values 
(1,'W@hyu9','$2y$10$FRidXksA19y4YaI6uvNE3eNrTPECQyZ4TLZ/Fjp483EUO1R4oQdQ6','Admin Wahyu','1584276259.png','088236109829','uP6NXozoflzGsXLPbunzBIVYoRON0OrIRzWTLvViASr1WbY9f6BNNTAPH5IC','2020-03-15 12:41:41','2020-03-15 12:41:41',1);

/*Table structure for table `carts` */

DROP TABLE IF EXISTS `carts`;

CREATE TABLE `carts` (
  `id` int(10) unsigned NOT NULL AUTO_INCREMENT,
  `user_id` int(10) unsigned NOT NULL,
  `product_id` int(10) unsigned NOT NULL,
  `qty` int(11) NOT NULL,
  `created_at` timestamp NULL DEFAULT NULL,
  `updated_at` timestamp NULL DEFAULT NULL,
  `status` enum('checkedout','notyet','cancelled') CHARACTER SET utf8mb4 COLLATE utf8mb4_unicode_ci DEFAULT NULL,
  `deleted_at` timestamp NULL DEFAULT NULL,
  PRIMARY KEY (`id`),
  KEY `user_id` (`user_id`),
  KEY `product_id` (`product_id`),
  CONSTRAINT `carts_ibfk_1` FOREIGN KEY (`user_id`) REFERENCES `users` (`id`),
  CONSTRAINT `carts_ibfk_2` FOREIGN KEY (`product_id`) REFERENCES `products` (`id`)
) ENGINE=InnoDB AUTO_INCREMENT=59 DEFAULT CHARSET=utf8mb4 COLLATE=utf8mb4_unicode_ci;

/*Data for the table `carts` */

insert  into `carts`(`id`,`user_id`,`product_id`,`qty`,`created_at`,`updated_at`,`status`,`deleted_at`) values 
(15,1,1,1,'2020-05-15 18:09:31','2020-05-15 20:48:28','cancelled',NULL),
(16,1,3,1,'2020-05-15 18:10:49','2020-05-15 20:43:19','cancelled',NULL),
(17,1,12,1,'2020-05-15 19:03:02','2020-05-15 20:51:29','cancelled',NULL),
(18,1,38,1,'2020-05-15 20:27:34','2020-05-15 20:51:37','cancelled',NULL),
(19,1,1,1,'2020-05-15 20:51:48','2020-05-15 20:52:31','cancelled',NULL),
(20,1,37,1,'2020-05-15 20:53:20','2020-05-15 20:55:52','cancelled',NULL),
(21,1,3,1,'2020-05-15 20:57:53','2020-05-15 20:57:56','cancelled',NULL),
(22,1,15,1,'2020-05-15 20:59:06','2020-05-15 21:01:26','cancelled',NULL),
(23,1,1,1,'2020-05-15 21:03:04','2020-05-15 21:03:08','cancelled',NULL),
(24,1,12,1,'2020-05-15 21:03:21','2020-05-15 21:04:24','cancelled',NULL),
(25,1,3,1,'2020-05-15 21:03:26','2020-05-15 21:03:30','cancelled',NULL),
(26,1,1,1,'2020-05-15 21:04:20','2020-05-15 21:04:26','cancelled',NULL),
(27,1,12,1,'2020-05-15 21:05:46','2020-05-15 21:06:06','cancelled',NULL),
(28,1,38,1,'2020-05-15 21:05:57','2020-05-15 21:06:10','cancelled',NULL),
(29,1,41,1,'2020-05-15 21:28:16','2020-05-15 22:42:01','cancelled',NULL),
(30,1,36,1,'2020-05-15 21:35:19','2020-05-15 22:42:21','cancelled',NULL),
(31,1,38,1,'2020-05-15 22:44:05','2020-05-15 22:51:30','cancelled',NULL),
(32,1,37,7,'2020-05-15 22:52:00','2020-05-15 23:18:28','cancelled',NULL),
(33,1,36,1,'2020-05-15 23:18:16','2020-05-15 23:18:24','cancelled',NULL),
(34,1,1,1,'2020-05-16 00:34:39','2020-05-16 01:29:35','cancelled',NULL),
(35,1,42,1,'2020-05-16 00:39:28','2020-05-16 01:30:16','cancelled',NULL),
(36,1,37,2,'2020-05-16 01:16:50','2020-05-16 01:28:17','cancelled',NULL),
(37,1,37,2,'2020-05-16 01:30:43','2020-05-16 01:30:49','cancelled',NULL),
(38,1,12,1,'2020-05-16 01:31:43','2020-05-16 01:31:46','cancelled',NULL),
(39,1,15,1,'2020-05-16 01:32:27','2020-05-16 01:32:31','cancelled',NULL),
(40,1,3,1,'2020-05-16 01:33:31','2020-05-16 01:33:36','cancelled',NULL),
(41,1,37,5,'2020-05-16 01:36:02','2020-05-16 01:36:10','cancelled',NULL),
(42,1,1,1,'2020-05-21 12:10:49','2020-05-22 01:16:23','cancelled',NULL),
(43,1,12,1,'2020-05-22 03:35:39','2020-05-22 09:29:11','cancelled',NULL),
(44,1,15,1,'2020-05-22 03:38:04','2020-05-22 03:49:01','cancelled',NULL),
(45,1,35,1,'2020-05-22 05:09:22','2020-05-22 05:09:36','cancelled',NULL),
(46,1,3,1,'2020-05-22 09:34:31','2020-05-22 09:34:36','cancelled',NULL),
(47,1,37,1,'2020-05-22 09:37:55','2020-05-24 19:08:43','checkedout',NULL),
(48,1,35,1,'2020-05-22 09:53:12','2020-05-22 10:35:59','cancelled',NULL),
(49,1,3,1,'2020-05-23 12:41:02','2020-05-24 19:08:44','checkedout',NULL),
(50,1,35,1,'2020-05-24 14:27:05','2020-05-24 22:49:41','checkedout',NULL),
(51,1,15,1,'2020-05-24 16:42:05','2020-05-24 16:58:48','cancelled',NULL),
(52,1,15,1,'2020-05-24 16:59:02','2020-05-24 16:59:32','cancelled',NULL),
(53,1,15,1,'2020-05-24 16:59:42','2020-05-25 02:33:15','checkedout',NULL),
(54,1,37,2,'2020-05-24 17:23:00','2020-05-25 02:33:15','checkedout',NULL),
(55,1,37,1,'2020-05-25 02:53:21','2020-05-25 02:53:38','cancelled',NULL),
(56,1,35,1,'2020-05-26 05:31:04','2020-05-26 13:31:22','checkedout',NULL),
(57,1,12,1,'2020-05-26 06:44:03','2020-05-26 14:44:53','checkedout',NULL),
(58,1,15,1,'2020-05-26 06:44:23','2020-05-26 14:44:53','checkedout',NULL);

/*Table structure for table `cities` */

DROP TABLE IF EXISTS `cities`;

CREATE TABLE `cities` (
  `id` bigint(20) unsigned NOT NULL AUTO_INCREMENT,
  `province_id` int(10) unsigned NOT NULL,
  `city_id` int(10) unsigned NOT NULL,
  `title` varchar(191) COLLATE utf8mb4_unicode_ci NOT NULL,
  `created_at` timestamp NULL DEFAULT NULL,
  `updated_at` timestamp NULL DEFAULT NULL,
  PRIMARY KEY (`id`)
) ENGINE=InnoDB AUTO_INCREMENT=502 DEFAULT CHARSET=utf8mb4 COLLATE=utf8mb4_unicode_ci;

/*Data for the table `cities` */

insert  into `cities`(`id`,`province_id`,`city_id`,`title`,`created_at`,`updated_at`) values 
(1,1,17,'Badung','2020-05-04 16:15:23','2020-05-04 16:15:23'),
(2,1,32,'Bangli','2020-05-04 16:15:23','2020-05-04 16:15:23'),
(3,1,94,'Buleleng','2020-05-04 16:15:23','2020-05-04 16:15:23'),
(4,1,114,'Denpasar','2020-05-04 16:15:23','2020-05-04 16:15:23'),
(5,1,128,'Gianyar','2020-05-04 16:15:23','2020-05-04 16:15:23'),
(6,1,161,'Jembrana','2020-05-04 16:15:23','2020-05-04 16:15:23'),
(7,1,170,'Karangasem','2020-05-04 16:15:23','2020-05-04 16:15:23'),
(8,1,197,'Klungkung','2020-05-04 16:15:23','2020-05-04 16:15:23'),
(9,1,447,'Tabanan','2020-05-04 16:15:23','2020-05-04 16:15:23'),
(10,2,27,'Bangka','2020-05-04 16:15:25','2020-05-04 16:15:25'),
(11,2,28,'Bangka Barat','2020-05-04 16:15:26','2020-05-04 16:15:26'),
(12,2,29,'Bangka Selatan','2020-05-04 16:15:26','2020-05-04 16:15:26'),
(13,2,30,'Bangka Tengah','2020-05-04 16:15:26','2020-05-04 16:15:26'),
(14,2,56,'Belitung','2020-05-04 16:15:26','2020-05-04 16:15:26'),
(15,2,57,'Belitung Timur','2020-05-04 16:15:26','2020-05-04 16:15:26'),
(16,2,334,'Pangkal Pinang','2020-05-04 16:15:26','2020-05-04 16:15:26'),
(17,3,106,'Cilegon','2020-05-04 16:15:28','2020-05-04 16:15:28'),
(18,3,232,'Lebak','2020-05-04 16:15:28','2020-05-04 16:15:28'),
(19,3,331,'Pandeglang','2020-05-04 16:15:28','2020-05-04 16:15:28'),
(20,3,402,'Serang','2020-05-04 16:15:28','2020-05-04 16:15:28'),
(21,3,403,'Serang','2020-05-04 16:15:29','2020-05-04 16:15:29'),
(22,3,455,'Tangerang','2020-05-04 16:15:29','2020-05-04 16:15:29'),
(23,3,456,'Tangerang','2020-05-04 16:15:29','2020-05-04 16:15:29'),
(24,3,457,'Tangerang Selatan','2020-05-04 16:15:29','2020-05-04 16:15:29'),
(25,4,62,'Bengkulu','2020-05-04 16:15:30','2020-05-04 16:15:30'),
(26,4,63,'Bengkulu Selatan','2020-05-04 16:15:30','2020-05-04 16:15:30'),
(27,4,64,'Bengkulu Tengah','2020-05-04 16:15:30','2020-05-04 16:15:30'),
(28,4,65,'Bengkulu Utara','2020-05-04 16:15:30','2020-05-04 16:15:30'),
(29,4,175,'Kaur','2020-05-04 16:15:30','2020-05-04 16:15:30'),
(30,4,183,'Kepahiang','2020-05-04 16:15:30','2020-05-04 16:15:30'),
(31,4,233,'Lebong','2020-05-04 16:15:30','2020-05-04 16:15:30'),
(32,4,294,'Muko Muko','2020-05-04 16:15:30','2020-05-04 16:15:30'),
(33,4,379,'Rejang Lebong','2020-05-04 16:15:30','2020-05-04 16:15:30'),
(34,4,397,'Seluma','2020-05-04 16:15:30','2020-05-04 16:15:30'),
(35,5,39,'Bantul','2020-05-04 16:15:32','2020-05-04 16:15:32'),
(36,5,135,'Gunung Kidul','2020-05-04 16:15:32','2020-05-04 16:15:32'),
(37,5,210,'Kulon Progo','2020-05-04 16:15:32','2020-05-04 16:15:32'),
(38,5,419,'Sleman','2020-05-04 16:15:32','2020-05-04 16:15:32'),
(39,5,501,'Yogyakarta','2020-05-04 16:15:32','2020-05-04 16:15:32'),
(40,6,151,'Jakarta Barat','2020-05-04 16:15:36','2020-05-04 16:15:36'),
(41,6,152,'Jakarta Pusat','2020-05-04 16:15:36','2020-05-04 16:15:36'),
(42,6,153,'Jakarta Selatan','2020-05-04 16:15:36','2020-05-04 16:15:36'),
(43,6,154,'Jakarta Timur','2020-05-04 16:15:36','2020-05-04 16:15:36'),
(44,6,155,'Jakarta Utara','2020-05-04 16:15:36','2020-05-04 16:15:36'),
(45,6,189,'Kepulauan Seribu','2020-05-04 16:15:36','2020-05-04 16:15:36'),
(46,7,77,'Boalemo','2020-05-04 16:15:37','2020-05-04 16:15:37'),
(47,7,88,'Bone Bolango','2020-05-04 16:15:37','2020-05-04 16:15:37'),
(48,7,129,'Gorontalo','2020-05-04 16:15:37','2020-05-04 16:15:37'),
(49,7,130,'Gorontalo','2020-05-04 16:15:37','2020-05-04 16:15:37'),
(50,7,131,'Gorontalo Utara','2020-05-04 16:15:37','2020-05-04 16:15:37'),
(51,7,361,'Pohuwato','2020-05-04 16:15:37','2020-05-04 16:15:37'),
(52,8,50,'Batang Hari','2020-05-04 16:15:40','2020-05-04 16:15:40'),
(53,8,97,'Bungo','2020-05-04 16:15:40','2020-05-04 16:15:40'),
(54,8,156,'Jambi','2020-05-04 16:15:40','2020-05-04 16:15:40'),
(55,8,194,'Kerinci','2020-05-04 16:15:40','2020-05-04 16:15:40'),
(56,8,280,'Merangin','2020-05-04 16:15:40','2020-05-04 16:15:40'),
(57,8,293,'Muaro Jambi','2020-05-04 16:15:40','2020-05-04 16:15:40'),
(58,8,393,'Sarolangun','2020-05-04 16:15:40','2020-05-04 16:15:40'),
(59,8,442,'Sungaipenuh','2020-05-04 16:15:40','2020-05-04 16:15:40'),
(60,8,460,'Tanjung Jabung Barat','2020-05-04 16:15:40','2020-05-04 16:15:40'),
(61,8,461,'Tanjung Jabung Timur','2020-05-04 16:15:40','2020-05-04 16:15:40'),
(62,8,471,'Tebo','2020-05-04 16:15:40','2020-05-04 16:15:40'),
(63,9,22,'Bandung','2020-05-04 16:15:42','2020-05-04 16:15:42'),
(64,9,23,'Bandung','2020-05-04 16:15:42','2020-05-04 16:15:42'),
(65,9,24,'Bandung Barat','2020-05-04 16:15:42','2020-05-04 16:15:42'),
(66,9,34,'Banjar','2020-05-04 16:15:42','2020-05-04 16:15:42'),
(67,9,54,'Bekasi','2020-05-04 16:15:42','2020-05-04 16:15:42'),
(68,9,55,'Bekasi','2020-05-04 16:15:42','2020-05-04 16:15:42'),
(69,9,78,'Bogor','2020-05-04 16:15:42','2020-05-04 16:15:42'),
(70,9,79,'Bogor','2020-05-04 16:15:42','2020-05-04 16:15:42'),
(71,9,103,'Ciamis','2020-05-04 16:15:42','2020-05-04 16:15:42'),
(72,9,104,'Cianjur','2020-05-04 16:15:43','2020-05-04 16:15:43'),
(73,9,107,'Cimahi','2020-05-04 16:15:43','2020-05-04 16:15:43'),
(74,9,108,'Cirebon','2020-05-04 16:15:43','2020-05-04 16:15:43'),
(75,9,109,'Cirebon','2020-05-04 16:15:43','2020-05-04 16:15:43'),
(76,9,115,'Depok','2020-05-04 16:15:43','2020-05-04 16:15:43'),
(77,9,126,'Garut','2020-05-04 16:15:43','2020-05-04 16:15:43'),
(78,9,149,'Indramayu','2020-05-04 16:15:43','2020-05-04 16:15:43'),
(79,9,171,'Karawang','2020-05-04 16:15:43','2020-05-04 16:15:43'),
(80,9,211,'Kuningan','2020-05-04 16:15:43','2020-05-04 16:15:43'),
(81,9,252,'Majalengka','2020-05-04 16:15:43','2020-05-04 16:15:43'),
(82,9,332,'Pangandaran','2020-05-04 16:15:43','2020-05-04 16:15:43'),
(83,9,376,'Purwakarta','2020-05-04 16:15:43','2020-05-04 16:15:43'),
(84,9,428,'Subang','2020-05-04 16:15:44','2020-05-04 16:15:44'),
(85,9,430,'Sukabumi','2020-05-04 16:15:44','2020-05-04 16:15:44'),
(86,9,431,'Sukabumi','2020-05-04 16:15:44','2020-05-04 16:15:44'),
(87,9,440,'Sumedang','2020-05-04 16:15:44','2020-05-04 16:15:44'),
(88,9,468,'Tasikmalaya','2020-05-04 16:15:44','2020-05-04 16:15:44'),
(89,9,469,'Tasikmalaya','2020-05-04 16:15:44','2020-05-04 16:15:44'),
(90,10,37,'Banjarnegara','2020-05-04 16:15:53','2020-05-04 16:15:53'),
(91,10,41,'Banyumas','2020-05-04 16:15:53','2020-05-04 16:15:53'),
(92,10,49,'Batang','2020-05-04 16:15:54','2020-05-04 16:15:54'),
(93,10,76,'Blora','2020-05-04 16:15:54','2020-05-04 16:15:54'),
(94,10,91,'Boyolali','2020-05-04 16:15:54','2020-05-04 16:15:54'),
(95,10,92,'Brebes','2020-05-04 16:15:54','2020-05-04 16:15:54'),
(96,10,105,'Cilacap','2020-05-04 16:15:54','2020-05-04 16:15:54'),
(97,10,113,'Demak','2020-05-04 16:15:54','2020-05-04 16:15:54'),
(98,10,134,'Grobogan','2020-05-04 16:15:54','2020-05-04 16:15:54'),
(99,10,163,'Jepara','2020-05-04 16:15:54','2020-05-04 16:15:54'),
(100,10,169,'Karanganyar','2020-05-04 16:15:54','2020-05-04 16:15:54'),
(101,10,177,'Kebumen','2020-05-04 16:15:54','2020-05-04 16:15:54'),
(102,10,181,'Kendal','2020-05-04 16:15:54','2020-05-04 16:15:54'),
(103,10,196,'Klaten','2020-05-04 16:15:55','2020-05-04 16:15:55'),
(104,10,209,'Kudus','2020-05-04 16:15:55','2020-05-04 16:15:55'),
(105,10,249,'Magelang','2020-05-04 16:15:55','2020-05-04 16:15:55'),
(106,10,250,'Magelang','2020-05-04 16:15:55','2020-05-04 16:15:55'),
(107,10,344,'Pati','2020-05-04 16:15:55','2020-05-04 16:15:55'),
(108,10,348,'Pekalongan','2020-05-04 16:15:55','2020-05-04 16:15:55'),
(109,10,349,'Pekalongan','2020-05-04 16:15:55','2020-05-04 16:15:55'),
(110,10,352,'Pemalang','2020-05-04 16:15:55','2020-05-04 16:15:55'),
(111,10,375,'Purbalingga','2020-05-04 16:15:55','2020-05-04 16:15:55'),
(112,10,377,'Purworejo','2020-05-04 16:15:55','2020-05-04 16:15:55'),
(113,10,380,'Rembang','2020-05-04 16:15:55','2020-05-04 16:15:55'),
(114,10,386,'Salatiga','2020-05-04 16:15:56','2020-05-04 16:15:56'),
(115,10,398,'Semarang','2020-05-04 16:15:56','2020-05-04 16:15:56'),
(116,10,399,'Semarang','2020-05-04 16:15:56','2020-05-04 16:15:56'),
(117,10,427,'Sragen','2020-05-04 16:15:56','2020-05-04 16:15:56'),
(118,10,433,'Sukoharjo','2020-05-04 16:15:56','2020-05-04 16:15:56'),
(119,10,445,'Surakarta (Solo)','2020-05-04 16:15:56','2020-05-04 16:15:56'),
(120,10,472,'Tegal','2020-05-04 16:15:56','2020-05-04 16:15:56'),
(121,10,473,'Tegal','2020-05-04 16:15:56','2020-05-04 16:15:56'),
(122,10,476,'Temanggung','2020-05-04 16:15:56','2020-05-04 16:15:56'),
(123,10,497,'Wonogiri','2020-05-04 16:15:56','2020-05-04 16:15:56'),
(124,10,498,'Wonosobo','2020-05-04 16:15:56','2020-05-04 16:15:56'),
(125,11,31,'Bangkalan','2020-05-04 16:15:58','2020-05-04 16:15:58'),
(126,11,42,'Banyuwangi','2020-05-04 16:15:58','2020-05-04 16:15:58'),
(127,11,51,'Batu','2020-05-04 16:15:58','2020-05-04 16:15:58'),
(128,11,74,'Blitar','2020-05-04 16:15:58','2020-05-04 16:15:58'),
(129,11,75,'Blitar','2020-05-04 16:15:58','2020-05-04 16:15:58'),
(130,11,80,'Bojonegoro','2020-05-04 16:15:58','2020-05-04 16:15:58'),
(131,11,86,'Bondowoso','2020-05-04 16:15:58','2020-05-04 16:15:58'),
(132,11,133,'Gresik','2020-05-04 16:15:58','2020-05-04 16:15:58'),
(133,11,160,'Jember','2020-05-04 16:15:59','2020-05-04 16:15:59'),
(134,11,164,'Jombang','2020-05-04 16:15:59','2020-05-04 16:15:59'),
(135,11,178,'Kediri','2020-05-04 16:15:59','2020-05-04 16:15:59'),
(136,11,179,'Kediri','2020-05-04 16:15:59','2020-05-04 16:15:59'),
(137,11,222,'Lamongan','2020-05-04 16:15:59','2020-05-04 16:15:59'),
(138,11,243,'Lumajang','2020-05-04 16:15:59','2020-05-04 16:15:59'),
(139,11,247,'Madiun','2020-05-04 16:15:59','2020-05-04 16:15:59'),
(140,11,248,'Madiun','2020-05-04 16:15:59','2020-05-04 16:15:59'),
(141,11,251,'Magetan','2020-05-04 16:15:59','2020-05-04 16:15:59'),
(142,11,255,'Malang','2020-05-04 16:15:59','2020-05-04 16:15:59'),
(143,11,256,'Malang','2020-05-04 16:15:59','2020-05-04 16:15:59'),
(144,11,289,'Mojokerto','2020-05-04 16:15:59','2020-05-04 16:15:59'),
(145,11,290,'Mojokerto','2020-05-04 16:15:59','2020-05-04 16:15:59'),
(146,11,305,'Nganjuk','2020-05-04 16:16:00','2020-05-04 16:16:00'),
(147,11,306,'Ngawi','2020-05-04 16:16:00','2020-05-04 16:16:00'),
(148,11,317,'Pacitan','2020-05-04 16:16:00','2020-05-04 16:16:00'),
(149,11,330,'Pamekasan','2020-05-04 16:16:00','2020-05-04 16:16:00'),
(150,11,342,'Pasuruan','2020-05-04 16:16:00','2020-05-04 16:16:00'),
(151,11,343,'Pasuruan','2020-05-04 16:16:00','2020-05-04 16:16:00'),
(152,11,363,'Ponorogo','2020-05-04 16:16:00','2020-05-04 16:16:00'),
(153,11,369,'Probolinggo','2020-05-04 16:16:00','2020-05-04 16:16:00'),
(154,11,370,'Probolinggo','2020-05-04 16:16:00','2020-05-04 16:16:00'),
(155,11,390,'Sampang','2020-05-04 16:16:00','2020-05-04 16:16:00'),
(156,11,409,'Sidoarjo','2020-05-04 16:16:00','2020-05-04 16:16:00'),
(157,11,418,'Situbondo','2020-05-04 16:16:00','2020-05-04 16:16:00'),
(158,11,441,'Sumenep','2020-05-04 16:16:00','2020-05-04 16:16:00'),
(159,11,444,'Surabaya','2020-05-04 16:16:00','2020-05-04 16:16:00'),
(160,11,487,'Trenggalek','2020-05-04 16:16:00','2020-05-04 16:16:00'),
(161,11,489,'Tuban','2020-05-04 16:16:00','2020-05-04 16:16:00'),
(162,11,492,'Tulungagung','2020-05-04 16:16:01','2020-05-04 16:16:01'),
(163,12,61,'Bengkayang','2020-05-04 16:16:02','2020-05-04 16:16:02'),
(164,12,168,'Kapuas Hulu','2020-05-04 16:16:02','2020-05-04 16:16:02'),
(165,12,176,'Kayong Utara','2020-05-04 16:16:02','2020-05-04 16:16:02'),
(166,12,195,'Ketapang','2020-05-04 16:16:02','2020-05-04 16:16:02'),
(167,12,208,'Kubu Raya','2020-05-04 16:16:03','2020-05-04 16:16:03'),
(168,12,228,'Landak','2020-05-04 16:16:03','2020-05-04 16:16:03'),
(169,12,279,'Melawi','2020-05-04 16:16:03','2020-05-04 16:16:03'),
(170,12,364,'Pontianak','2020-05-04 16:16:03','2020-05-04 16:16:03'),
(171,12,365,'Pontianak','2020-05-04 16:16:03','2020-05-04 16:16:03'),
(172,12,388,'Sambas','2020-05-04 16:16:03','2020-05-04 16:16:03'),
(173,12,391,'Sanggau','2020-05-04 16:16:03','2020-05-04 16:16:03'),
(174,12,395,'Sekadau','2020-05-04 16:16:03','2020-05-04 16:16:03'),
(175,12,415,'Singkawang','2020-05-04 16:16:03','2020-05-04 16:16:03'),
(176,12,417,'Sintang','2020-05-04 16:16:03','2020-05-04 16:16:03'),
(177,13,18,'Balangan','2020-05-04 16:16:05','2020-05-04 16:16:05'),
(178,13,33,'Banjar','2020-05-04 16:16:05','2020-05-04 16:16:05'),
(179,13,35,'Banjarbaru','2020-05-04 16:16:05','2020-05-04 16:16:05'),
(180,13,36,'Banjarmasin','2020-05-04 16:16:05','2020-05-04 16:16:05'),
(181,13,43,'Barito Kuala','2020-05-04 16:16:05','2020-05-04 16:16:05'),
(182,13,143,'Hulu Sungai Selatan','2020-05-04 16:16:05','2020-05-04 16:16:05'),
(183,13,144,'Hulu Sungai Tengah','2020-05-04 16:16:05','2020-05-04 16:16:05'),
(184,13,145,'Hulu Sungai Utara','2020-05-04 16:16:05','2020-05-04 16:16:05'),
(185,13,203,'Kotabaru','2020-05-04 16:16:05','2020-05-04 16:16:05'),
(186,13,446,'Tabalong','2020-05-04 16:16:05','2020-05-04 16:16:05'),
(187,13,452,'Tanah Bumbu','2020-05-04 16:16:05','2020-05-04 16:16:05'),
(188,13,454,'Tanah Laut','2020-05-04 16:16:05','2020-05-04 16:16:05'),
(189,13,466,'Tapin','2020-05-04 16:16:05','2020-05-04 16:16:05'),
(190,14,44,'Barito Selatan','2020-05-04 16:16:06','2020-05-04 16:16:06'),
(191,14,45,'Barito Timur','2020-05-04 16:16:06','2020-05-04 16:16:06'),
(192,14,46,'Barito Utara','2020-05-04 16:16:06','2020-05-04 16:16:06'),
(193,14,136,'Gunung Mas','2020-05-04 16:16:06','2020-05-04 16:16:06'),
(194,14,167,'Kapuas','2020-05-04 16:16:06','2020-05-04 16:16:06'),
(195,14,174,'Katingan','2020-05-04 16:16:06','2020-05-04 16:16:06'),
(196,14,205,'Kotawaringin Barat','2020-05-04 16:16:06','2020-05-04 16:16:06'),
(197,14,206,'Kotawaringin Timur','2020-05-04 16:16:06','2020-05-04 16:16:06'),
(198,14,221,'Lamandau','2020-05-04 16:16:07','2020-05-04 16:16:07'),
(199,14,296,'Murung Raya','2020-05-04 16:16:07','2020-05-04 16:16:07'),
(200,14,326,'Palangka Raya','2020-05-04 16:16:07','2020-05-04 16:16:07'),
(201,14,371,'Pulang Pisau','2020-05-04 16:16:07','2020-05-04 16:16:07'),
(202,14,405,'Seruyan','2020-05-04 16:16:07','2020-05-04 16:16:07'),
(203,14,432,'Sukamara','2020-05-04 16:16:07','2020-05-04 16:16:07'),
(204,15,19,'Balikpapan','2020-05-04 16:16:09','2020-05-04 16:16:09'),
(205,15,66,'Berau','2020-05-04 16:16:09','2020-05-04 16:16:09'),
(206,15,89,'Bontang','2020-05-04 16:16:09','2020-05-04 16:16:09'),
(207,15,214,'Kutai Barat','2020-05-04 16:16:09','2020-05-04 16:16:09'),
(208,15,215,'Kutai Kartanegara','2020-05-04 16:16:09','2020-05-04 16:16:09'),
(209,15,216,'Kutai Timur','2020-05-04 16:16:10','2020-05-04 16:16:10'),
(210,15,341,'Paser','2020-05-04 16:16:10','2020-05-04 16:16:10'),
(211,15,354,'Penajam Paser Utara','2020-05-04 16:16:10','2020-05-04 16:16:10'),
(212,15,387,'Samarinda','2020-05-04 16:16:10','2020-05-04 16:16:10'),
(213,16,96,'Bulungan (Bulongan)','2020-05-04 16:16:12','2020-05-04 16:16:12'),
(214,16,257,'Malinau','2020-05-04 16:16:12','2020-05-04 16:16:12'),
(215,16,311,'Nunukan','2020-05-04 16:16:12','2020-05-04 16:16:12'),
(216,16,450,'Tana Tidung','2020-05-04 16:16:12','2020-05-04 16:16:12'),
(217,16,467,'Tarakan','2020-05-04 16:16:12','2020-05-04 16:16:12'),
(218,17,48,'Batam','2020-05-04 16:16:14','2020-05-04 16:16:14'),
(219,17,71,'Bintan','2020-05-04 16:16:14','2020-05-04 16:16:14'),
(220,17,172,'Karimun','2020-05-04 16:16:14','2020-05-04 16:16:14'),
(221,17,184,'Kepulauan Anambas','2020-05-04 16:16:14','2020-05-04 16:16:14'),
(222,17,237,'Lingga','2020-05-04 16:16:14','2020-05-04 16:16:14'),
(223,17,302,'Natuna','2020-05-04 16:16:15','2020-05-04 16:16:15'),
(224,17,462,'Tanjung Pinang','2020-05-04 16:16:15','2020-05-04 16:16:15'),
(225,18,21,'Bandar Lampung','2020-05-04 16:16:16','2020-05-04 16:16:16'),
(226,18,223,'Lampung Barat','2020-05-04 16:16:16','2020-05-04 16:16:16'),
(227,18,224,'Lampung Selatan','2020-05-04 16:16:16','2020-05-04 16:16:16'),
(228,18,225,'Lampung Tengah','2020-05-04 16:16:16','2020-05-04 16:16:16'),
(229,18,226,'Lampung Timur','2020-05-04 16:16:16','2020-05-04 16:16:16'),
(230,18,227,'Lampung Utara','2020-05-04 16:16:16','2020-05-04 16:16:16'),
(231,18,282,'Mesuji','2020-05-04 16:16:16','2020-05-04 16:16:16'),
(232,18,283,'Metro','2020-05-04 16:16:16','2020-05-04 16:16:16'),
(233,18,355,'Pesawaran','2020-05-04 16:16:16','2020-05-04 16:16:16'),
(234,18,356,'Pesisir Barat','2020-05-04 16:16:17','2020-05-04 16:16:17'),
(235,18,368,'Pringsewu','2020-05-04 16:16:17','2020-05-04 16:16:17'),
(236,18,458,'Tanggamus','2020-05-04 16:16:17','2020-05-04 16:16:17'),
(237,18,490,'Tulang Bawang','2020-05-04 16:16:17','2020-05-04 16:16:17'),
(238,18,491,'Tulang Bawang Barat','2020-05-04 16:16:17','2020-05-04 16:16:17'),
(239,18,496,'Way Kanan','2020-05-04 16:16:17','2020-05-04 16:16:17'),
(240,19,14,'Ambon','2020-05-04 16:16:18','2020-05-04 16:16:18'),
(241,19,99,'Buru','2020-05-04 16:16:18','2020-05-04 16:16:18'),
(242,19,100,'Buru Selatan','2020-05-04 16:16:18','2020-05-04 16:16:18'),
(243,19,185,'Kepulauan Aru','2020-05-04 16:16:18','2020-05-04 16:16:18'),
(244,19,258,'Maluku Barat Daya','2020-05-04 16:16:18','2020-05-04 16:16:18'),
(245,19,259,'Maluku Tengah','2020-05-04 16:16:18','2020-05-04 16:16:18'),
(246,19,260,'Maluku Tenggara','2020-05-04 16:16:18','2020-05-04 16:16:18'),
(247,19,261,'Maluku Tenggara Barat','2020-05-04 16:16:19','2020-05-04 16:16:19'),
(248,19,400,'Seram Bagian Barat','2020-05-04 16:16:19','2020-05-04 16:16:19'),
(249,19,401,'Seram Bagian Timur','2020-05-04 16:16:19','2020-05-04 16:16:19'),
(250,19,488,'Tual','2020-05-04 16:16:19','2020-05-04 16:16:19'),
(251,20,138,'Halmahera Barat','2020-05-04 16:16:22','2020-05-04 16:16:22'),
(252,20,139,'Halmahera Selatan','2020-05-04 16:16:22','2020-05-04 16:16:22'),
(253,20,140,'Halmahera Tengah','2020-05-04 16:16:22','2020-05-04 16:16:22'),
(254,20,141,'Halmahera Timur','2020-05-04 16:16:22','2020-05-04 16:16:22'),
(255,20,142,'Halmahera Utara','2020-05-04 16:16:22','2020-05-04 16:16:22'),
(256,20,191,'Kepulauan Sula','2020-05-04 16:16:22','2020-05-04 16:16:22'),
(257,20,372,'Pulau Morotai','2020-05-04 16:16:22','2020-05-04 16:16:22'),
(258,20,477,'Ternate','2020-05-04 16:16:22','2020-05-04 16:16:22'),
(259,20,478,'Tidore Kepulauan','2020-05-04 16:16:22','2020-05-04 16:16:22'),
(260,21,1,'Aceh Barat','2020-05-04 16:16:24','2020-05-04 16:16:24'),
(261,21,2,'Aceh Barat Daya','2020-05-04 16:16:24','2020-05-04 16:16:24'),
(262,21,3,'Aceh Besar','2020-05-04 16:16:24','2020-05-04 16:16:24'),
(263,21,4,'Aceh Jaya','2020-05-04 16:16:24','2020-05-04 16:16:24'),
(264,21,5,'Aceh Selatan','2020-05-04 16:16:24','2020-05-04 16:16:24'),
(265,21,6,'Aceh Singkil','2020-05-04 16:16:24','2020-05-04 16:16:24'),
(266,21,7,'Aceh Tamiang','2020-05-04 16:16:24','2020-05-04 16:16:24'),
(267,21,8,'Aceh Tengah','2020-05-04 16:16:24','2020-05-04 16:16:24'),
(268,21,9,'Aceh Tenggara','2020-05-04 16:16:24','2020-05-04 16:16:24'),
(269,21,10,'Aceh Timur','2020-05-04 16:16:24','2020-05-04 16:16:24'),
(270,21,11,'Aceh Utara','2020-05-04 16:16:24','2020-05-04 16:16:24'),
(271,21,20,'Banda Aceh','2020-05-04 16:16:24','2020-05-04 16:16:24'),
(272,21,59,'Bener Meriah','2020-05-04 16:16:25','2020-05-04 16:16:25'),
(273,21,72,'Bireuen','2020-05-04 16:16:25','2020-05-04 16:16:25'),
(274,21,127,'Gayo Lues','2020-05-04 16:16:25','2020-05-04 16:16:25'),
(275,21,230,'Langsa','2020-05-04 16:16:25','2020-05-04 16:16:25'),
(276,21,235,'Lhokseumawe','2020-05-04 16:16:25','2020-05-04 16:16:25'),
(277,21,300,'Nagan Raya','2020-05-04 16:16:25','2020-05-04 16:16:25'),
(278,21,358,'Pidie','2020-05-04 16:16:25','2020-05-04 16:16:25'),
(279,21,359,'Pidie Jaya','2020-05-04 16:16:25','2020-05-04 16:16:25'),
(280,21,384,'Sabang','2020-05-04 16:16:25','2020-05-04 16:16:25'),
(281,21,414,'Simeulue','2020-05-04 16:16:25','2020-05-04 16:16:25'),
(282,21,429,'Subulussalam','2020-05-04 16:16:25','2020-05-04 16:16:25'),
(283,22,68,'Bima','2020-05-04 16:16:29','2020-05-04 16:16:29'),
(284,22,69,'Bima','2020-05-04 16:16:29','2020-05-04 16:16:29'),
(285,22,118,'Dompu','2020-05-04 16:16:29','2020-05-04 16:16:29'),
(286,22,238,'Lombok Barat','2020-05-04 16:16:29','2020-05-04 16:16:29'),
(287,22,239,'Lombok Tengah','2020-05-04 16:16:29','2020-05-04 16:16:29'),
(288,22,240,'Lombok Timur','2020-05-04 16:16:29','2020-05-04 16:16:29'),
(289,22,241,'Lombok Utara','2020-05-04 16:16:29','2020-05-04 16:16:29'),
(290,22,276,'Mataram','2020-05-04 16:16:29','2020-05-04 16:16:29'),
(291,22,438,'Sumbawa','2020-05-04 16:16:29','2020-05-04 16:16:29'),
(292,22,439,'Sumbawa Barat','2020-05-04 16:16:29','2020-05-04 16:16:29'),
(293,23,13,'Alor','2020-05-04 16:16:32','2020-05-04 16:16:32'),
(294,23,58,'Belu','2020-05-04 16:16:32','2020-05-04 16:16:32'),
(295,23,122,'Ende','2020-05-04 16:16:32','2020-05-04 16:16:32'),
(296,23,125,'Flores Timur','2020-05-04 16:16:33','2020-05-04 16:16:33'),
(297,23,212,'Kupang','2020-05-04 16:16:33','2020-05-04 16:16:33'),
(298,23,213,'Kupang','2020-05-04 16:16:33','2020-05-04 16:16:33'),
(299,23,234,'Lembata','2020-05-04 16:16:33','2020-05-04 16:16:33'),
(300,23,269,'Manggarai','2020-05-04 16:16:33','2020-05-04 16:16:33'),
(301,23,270,'Manggarai Barat','2020-05-04 16:16:33','2020-05-04 16:16:33'),
(302,23,271,'Manggarai Timur','2020-05-04 16:16:33','2020-05-04 16:16:33'),
(303,23,301,'Nagekeo','2020-05-04 16:16:33','2020-05-04 16:16:33'),
(304,23,304,'Ngada','2020-05-04 16:16:34','2020-05-04 16:16:34'),
(305,23,383,'Rote Ndao','2020-05-04 16:16:34','2020-05-04 16:16:34'),
(306,23,385,'Sabu Raijua','2020-05-04 16:16:34','2020-05-04 16:16:34'),
(307,23,412,'Sikka','2020-05-04 16:16:34','2020-05-04 16:16:34'),
(308,23,434,'Sumba Barat','2020-05-04 16:16:34','2020-05-04 16:16:34'),
(309,23,435,'Sumba Barat Daya','2020-05-04 16:16:34','2020-05-04 16:16:34'),
(310,23,436,'Sumba Tengah','2020-05-04 16:16:34','2020-05-04 16:16:34'),
(311,23,437,'Sumba Timur','2020-05-04 16:16:34','2020-05-04 16:16:34'),
(312,23,479,'Timor Tengah Selatan','2020-05-04 16:16:34','2020-05-04 16:16:34'),
(313,23,480,'Timor Tengah Utara','2020-05-04 16:16:34','2020-05-04 16:16:34'),
(314,24,16,'Asmat','2020-05-04 16:16:43','2020-05-04 16:16:43'),
(315,24,67,'Biak Numfor','2020-05-04 16:16:43','2020-05-04 16:16:43'),
(316,24,90,'Boven Digoel','2020-05-04 16:16:43','2020-05-04 16:16:43'),
(317,24,111,'Deiyai (Deliyai)','2020-05-04 16:16:43','2020-05-04 16:16:43'),
(318,24,117,'Dogiyai','2020-05-04 16:16:43','2020-05-04 16:16:43'),
(319,24,150,'Intan Jaya','2020-05-04 16:16:43','2020-05-04 16:16:43'),
(320,24,157,'Jayapura','2020-05-04 16:16:43','2020-05-04 16:16:43'),
(321,24,158,'Jayapura','2020-05-04 16:16:43','2020-05-04 16:16:43'),
(322,24,159,'Jayawijaya','2020-05-04 16:16:43','2020-05-04 16:16:43'),
(323,24,180,'Keerom','2020-05-04 16:16:43','2020-05-04 16:16:43'),
(324,24,193,'Kepulauan Yapen (Yapen Waropen)','2020-05-04 16:16:44','2020-05-04 16:16:44'),
(325,24,231,'Lanny Jaya','2020-05-04 16:16:44','2020-05-04 16:16:44'),
(326,24,263,'Mamberamo Raya','2020-05-04 16:16:44','2020-05-04 16:16:44'),
(327,24,264,'Mamberamo Tengah','2020-05-04 16:16:44','2020-05-04 16:16:44'),
(328,24,274,'Mappi','2020-05-04 16:16:44','2020-05-04 16:16:44'),
(329,24,281,'Merauke','2020-05-04 16:16:44','2020-05-04 16:16:44'),
(330,24,284,'Mimika','2020-05-04 16:16:44','2020-05-04 16:16:44'),
(331,24,299,'Nabire','2020-05-04 16:16:44','2020-05-04 16:16:44'),
(332,24,303,'Nduga','2020-05-04 16:16:44','2020-05-04 16:16:44'),
(333,24,335,'Paniai','2020-05-04 16:16:44','2020-05-04 16:16:44'),
(334,24,347,'Pegunungan Bintang','2020-05-04 16:16:44','2020-05-04 16:16:44'),
(335,24,373,'Puncak','2020-05-04 16:16:44','2020-05-04 16:16:44'),
(336,24,374,'Puncak Jaya','2020-05-04 16:16:45','2020-05-04 16:16:45'),
(337,24,392,'Sarmi','2020-05-04 16:16:45','2020-05-04 16:16:45'),
(338,24,443,'Supiori','2020-05-04 16:16:45','2020-05-04 16:16:45'),
(339,24,484,'Tolikara','2020-05-04 16:16:45','2020-05-04 16:16:45'),
(340,24,495,'Waropen','2020-05-04 16:16:45','2020-05-04 16:16:45'),
(341,24,499,'Yahukimo','2020-05-04 16:16:45','2020-05-04 16:16:45'),
(342,24,500,'Yalimo','2020-05-04 16:16:45','2020-05-04 16:16:45'),
(343,25,124,'Fakfak','2020-05-04 16:17:08','2020-05-04 16:17:08'),
(344,25,165,'Kaimana','2020-05-04 16:17:08','2020-05-04 16:17:08'),
(345,25,272,'Manokwari','2020-05-04 16:17:08','2020-05-04 16:17:08'),
(346,25,273,'Manokwari Selatan','2020-05-04 16:17:08','2020-05-04 16:17:08'),
(347,25,277,'Maybrat','2020-05-04 16:17:08','2020-05-04 16:17:08'),
(348,25,346,'Pegunungan Arfak','2020-05-04 16:17:08','2020-05-04 16:17:08'),
(349,25,378,'Raja Ampat','2020-05-04 16:17:08','2020-05-04 16:17:08'),
(350,25,424,'Sorong','2020-05-04 16:17:08','2020-05-04 16:17:08'),
(351,25,425,'Sorong','2020-05-04 16:17:08','2020-05-04 16:17:08'),
(352,25,426,'Sorong Selatan','2020-05-04 16:17:08','2020-05-04 16:17:08'),
(353,25,449,'Tambrauw','2020-05-04 16:17:08','2020-05-04 16:17:08'),
(354,25,474,'Teluk Bintuni','2020-05-04 16:17:09','2020-05-04 16:17:09'),
(355,25,475,'Teluk Wondama','2020-05-04 16:17:09','2020-05-04 16:17:09'),
(356,26,60,'Bengkalis','2020-05-04 16:17:09','2020-05-04 16:17:09'),
(357,26,120,'Dumai','2020-05-04 16:17:10','2020-05-04 16:17:10'),
(358,26,147,'Indragiri Hilir','2020-05-04 16:17:10','2020-05-04 16:17:10'),
(359,26,148,'Indragiri Hulu','2020-05-04 16:17:10','2020-05-04 16:17:10'),
(360,26,166,'Kampar','2020-05-04 16:17:10','2020-05-04 16:17:10'),
(361,26,187,'Kepulauan Meranti','2020-05-04 16:17:10','2020-05-04 16:17:10'),
(362,26,207,'Kuantan Singingi','2020-05-04 16:17:10','2020-05-04 16:17:10'),
(363,26,350,'Pekanbaru','2020-05-04 16:17:10','2020-05-04 16:17:10'),
(364,26,351,'Pelalawan','2020-05-04 16:17:10','2020-05-04 16:17:10'),
(365,26,381,'Rokan Hilir','2020-05-04 16:17:10','2020-05-04 16:17:10'),
(366,26,382,'Rokan Hulu','2020-05-04 16:17:10','2020-05-04 16:17:10'),
(367,26,406,'Siak','2020-05-04 16:17:10','2020-05-04 16:17:10'),
(368,27,253,'Majene','2020-05-04 16:17:11','2020-05-04 16:17:11'),
(369,27,262,'Mamasa','2020-05-04 16:17:11','2020-05-04 16:17:11'),
(370,27,265,'Mamuju','2020-05-04 16:17:11','2020-05-04 16:17:11'),
(371,27,266,'Mamuju Utara','2020-05-04 16:17:12','2020-05-04 16:17:12'),
(372,27,362,'Polewali Mandar','2020-05-04 16:17:12','2020-05-04 16:17:12'),
(373,28,38,'Bantaeng','2020-05-04 16:17:14','2020-05-04 16:17:14'),
(374,28,47,'Barru','2020-05-04 16:17:14','2020-05-04 16:17:14'),
(375,28,87,'Bone','2020-05-04 16:17:14','2020-05-04 16:17:14'),
(376,28,95,'Bulukumba','2020-05-04 16:17:14','2020-05-04 16:17:14'),
(377,28,123,'Enrekang','2020-05-04 16:17:14','2020-05-04 16:17:14'),
(378,28,132,'Gowa','2020-05-04 16:17:14','2020-05-04 16:17:14'),
(379,28,162,'Jeneponto','2020-05-04 16:17:15','2020-05-04 16:17:15'),
(380,28,244,'Luwu','2020-05-04 16:17:15','2020-05-04 16:17:15'),
(381,28,245,'Luwu Timur','2020-05-04 16:17:15','2020-05-04 16:17:15'),
(382,28,246,'Luwu Utara','2020-05-04 16:17:15','2020-05-04 16:17:15'),
(383,28,254,'Makassar','2020-05-04 16:17:15','2020-05-04 16:17:15'),
(384,28,275,'Maros','2020-05-04 16:17:16','2020-05-04 16:17:16'),
(385,28,328,'Palopo','2020-05-04 16:17:16','2020-05-04 16:17:16'),
(386,28,333,'Pangkajene Kepulauan','2020-05-04 16:17:16','2020-05-04 16:17:16'),
(387,28,336,'Parepare','2020-05-04 16:17:16','2020-05-04 16:17:16'),
(388,28,360,'Pinrang','2020-05-04 16:17:16','2020-05-04 16:17:16'),
(389,28,396,'Selayar (Kepulauan Selayar)','2020-05-04 16:17:16','2020-05-04 16:17:16'),
(390,28,408,'Sidenreng Rappang/Rapang','2020-05-04 16:17:17','2020-05-04 16:17:17'),
(391,28,416,'Sinjai','2020-05-04 16:17:17','2020-05-04 16:17:17'),
(392,28,423,'Soppeng','2020-05-04 16:17:17','2020-05-04 16:17:17'),
(393,28,448,'Takalar','2020-05-04 16:17:17','2020-05-04 16:17:17'),
(394,28,451,'Tana Toraja','2020-05-04 16:17:17','2020-05-04 16:17:17'),
(395,28,486,'Toraja Utara','2020-05-04 16:17:17','2020-05-04 16:17:17'),
(396,28,493,'Wajo','2020-05-04 16:17:17','2020-05-04 16:17:17'),
(397,29,25,'Banggai','2020-05-04 16:17:19','2020-05-04 16:17:19'),
(398,29,26,'Banggai Kepulauan','2020-05-04 16:17:19','2020-05-04 16:17:19'),
(399,29,98,'Buol','2020-05-04 16:17:19','2020-05-04 16:17:19'),
(400,29,119,'Donggala','2020-05-04 16:17:19','2020-05-04 16:17:19'),
(401,29,291,'Morowali','2020-05-04 16:17:20','2020-05-04 16:17:20'),
(402,29,329,'Palu','2020-05-04 16:17:20','2020-05-04 16:17:20'),
(403,29,338,'Parigi Moutong','2020-05-04 16:17:20','2020-05-04 16:17:20'),
(404,29,366,'Poso','2020-05-04 16:17:20','2020-05-04 16:17:20'),
(405,29,410,'Sigi','2020-05-04 16:17:20','2020-05-04 16:17:20'),
(406,29,482,'Tojo Una-Una','2020-05-04 16:17:20','2020-05-04 16:17:20'),
(407,29,483,'Toli-Toli','2020-05-04 16:17:20','2020-05-04 16:17:20'),
(408,30,53,'Bau-Bau','2020-05-04 16:17:21','2020-05-04 16:17:21'),
(409,30,85,'Bombana','2020-05-04 16:17:21','2020-05-04 16:17:21'),
(410,30,101,'Buton','2020-05-04 16:17:22','2020-05-04 16:17:22'),
(411,30,102,'Buton Utara','2020-05-04 16:17:22','2020-05-04 16:17:22'),
(412,30,182,'Kendari','2020-05-04 16:17:22','2020-05-04 16:17:22'),
(413,30,198,'Kolaka','2020-05-04 16:17:22','2020-05-04 16:17:22'),
(414,30,199,'Kolaka Utara','2020-05-04 16:17:22','2020-05-04 16:17:22'),
(415,30,200,'Konawe','2020-05-04 16:17:22','2020-05-04 16:17:22'),
(416,30,201,'Konawe Selatan','2020-05-04 16:17:22','2020-05-04 16:17:22'),
(417,30,202,'Konawe Utara','2020-05-04 16:17:23','2020-05-04 16:17:23'),
(418,30,295,'Muna','2020-05-04 16:17:23','2020-05-04 16:17:23'),
(419,30,494,'Wakatobi','2020-05-04 16:17:23','2020-05-04 16:17:23'),
(420,31,73,'Bitung','2020-05-04 16:17:30','2020-05-04 16:17:30'),
(421,31,81,'Bolaang Mongondow (Bolmong)','2020-05-04 16:17:30','2020-05-04 16:17:30'),
(422,31,82,'Bolaang Mongondow Selatan','2020-05-04 16:17:30','2020-05-04 16:17:30'),
(423,31,83,'Bolaang Mongondow Timur','2020-05-04 16:17:30','2020-05-04 16:17:30'),
(424,31,84,'Bolaang Mongondow Utara','2020-05-04 16:17:30','2020-05-04 16:17:30'),
(425,31,188,'Kepulauan Sangihe','2020-05-04 16:17:30','2020-05-04 16:17:30'),
(426,31,190,'Kepulauan Siau Tagulandang Biaro (Sitaro)','2020-05-04 16:17:30','2020-05-04 16:17:30'),
(427,31,192,'Kepulauan Talaud','2020-05-04 16:17:30','2020-05-04 16:17:30'),
(428,31,204,'Kotamobagu','2020-05-04 16:17:31','2020-05-04 16:17:31'),
(429,31,267,'Manado','2020-05-04 16:17:31','2020-05-04 16:17:31'),
(430,31,285,'Minahasa','2020-05-04 16:17:31','2020-05-04 16:17:31'),
(431,31,286,'Minahasa Selatan','2020-05-04 16:17:31','2020-05-04 16:17:31'),
(432,31,287,'Minahasa Tenggara','2020-05-04 16:17:31','2020-05-04 16:17:31'),
(433,31,288,'Minahasa Utara','2020-05-04 16:17:32','2020-05-04 16:17:32'),
(434,31,485,'Tomohon','2020-05-04 16:17:32','2020-05-04 16:17:32'),
(435,32,12,'Agam','2020-05-04 16:17:54','2020-05-04 16:17:54'),
(436,32,93,'Bukittinggi','2020-05-04 16:17:55','2020-05-04 16:17:55'),
(437,32,116,'Dharmasraya','2020-05-04 16:17:55','2020-05-04 16:17:55'),
(438,32,186,'Kepulauan Mentawai','2020-05-04 16:17:55','2020-05-04 16:17:55'),
(439,32,236,'Lima Puluh Koto/Kota','2020-05-04 16:17:56','2020-05-04 16:17:56'),
(440,32,318,'Padang','2020-05-04 16:17:56','2020-05-04 16:17:56'),
(441,32,321,'Padang Panjang','2020-05-04 16:17:56','2020-05-04 16:17:56'),
(442,32,322,'Padang Pariaman','2020-05-04 16:17:57','2020-05-04 16:17:57'),
(443,32,337,'Pariaman','2020-05-04 16:17:57','2020-05-04 16:17:57'),
(444,32,339,'Pasaman','2020-05-04 16:17:57','2020-05-04 16:17:57'),
(445,32,340,'Pasaman Barat','2020-05-04 16:17:57','2020-05-04 16:17:57'),
(446,32,345,'Payakumbuh','2020-05-04 16:17:58','2020-05-04 16:17:58'),
(447,32,357,'Pesisir Selatan','2020-05-04 16:17:58','2020-05-04 16:17:58'),
(448,32,394,'Sawah Lunto','2020-05-04 16:17:58','2020-05-04 16:17:58'),
(449,32,411,'Sijunjung (Sawah Lunto Sijunjung)','2020-05-04 16:17:58','2020-05-04 16:17:58'),
(450,32,420,'Solok','2020-05-04 16:17:58','2020-05-04 16:17:58'),
(451,32,421,'Solok','2020-05-04 16:17:59','2020-05-04 16:17:59'),
(452,32,422,'Solok Selatan','2020-05-04 16:17:59','2020-05-04 16:17:59'),
(453,32,453,'Tanah Datar','2020-05-04 16:18:00','2020-05-04 16:18:00'),
(454,33,40,'Banyuasin','2020-05-04 16:18:01','2020-05-04 16:18:01'),
(455,33,121,'Empat Lawang','2020-05-04 16:18:01','2020-05-04 16:18:01'),
(456,33,220,'Lahat','2020-05-04 16:18:01','2020-05-04 16:18:01'),
(457,33,242,'Lubuk Linggau','2020-05-04 16:18:01','2020-05-04 16:18:01'),
(458,33,292,'Muara Enim','2020-05-04 16:18:02','2020-05-04 16:18:02'),
(459,33,297,'Musi Banyuasin','2020-05-04 16:18:02','2020-05-04 16:18:02'),
(460,33,298,'Musi Rawas','2020-05-04 16:18:02','2020-05-04 16:18:02'),
(461,33,312,'Ogan Ilir','2020-05-04 16:18:02','2020-05-04 16:18:02'),
(462,33,313,'Ogan Komering Ilir','2020-05-04 16:18:02','2020-05-04 16:18:02'),
(463,33,314,'Ogan Komering Ulu','2020-05-04 16:18:03','2020-05-04 16:18:03'),
(464,33,315,'Ogan Komering Ulu Selatan','2020-05-04 16:18:03','2020-05-04 16:18:03'),
(465,33,316,'Ogan Komering Ulu Timur','2020-05-04 16:18:03','2020-05-04 16:18:03'),
(466,33,324,'Pagar Alam','2020-05-04 16:18:03','2020-05-04 16:18:03'),
(467,33,327,'Palembang','2020-05-04 16:18:03','2020-05-04 16:18:03'),
(468,33,367,'Prabumulih','2020-05-04 16:18:03','2020-05-04 16:18:03'),
(469,34,15,'Asahan','2020-05-04 16:18:05','2020-05-04 16:18:05'),
(470,34,52,'Batu Bara','2020-05-04 16:18:05','2020-05-04 16:18:05'),
(471,34,70,'Binjai','2020-05-04 16:18:05','2020-05-04 16:18:05'),
(472,34,110,'Dairi','2020-05-04 16:18:05','2020-05-04 16:18:05'),
(473,34,112,'Deli Serdang','2020-05-04 16:18:05','2020-05-04 16:18:05'),
(474,34,137,'Gunungsitoli','2020-05-04 16:18:05','2020-05-04 16:18:05'),
(475,34,146,'Humbang Hasundutan','2020-05-04 16:18:05','2020-05-04 16:18:05'),
(476,34,173,'Karo','2020-05-04 16:18:06','2020-05-04 16:18:06'),
(477,34,217,'Labuhan Batu','2020-05-04 16:18:06','2020-05-04 16:18:06'),
(478,34,218,'Labuhan Batu Selatan','2020-05-04 16:18:06','2020-05-04 16:18:06'),
(479,34,219,'Labuhan Batu Utara','2020-05-04 16:18:06','2020-05-04 16:18:06'),
(480,34,229,'Langkat','2020-05-04 16:18:06','2020-05-04 16:18:06'),
(481,34,268,'Mandailing Natal','2020-05-04 16:18:06','2020-05-04 16:18:06'),
(482,34,278,'Medan','2020-05-04 16:18:06','2020-05-04 16:18:06'),
(483,34,307,'Nias','2020-05-04 16:18:06','2020-05-04 16:18:06'),
(484,34,308,'Nias Barat','2020-05-04 16:18:06','2020-05-04 16:18:06'),
(485,34,309,'Nias Selatan','2020-05-04 16:18:06','2020-05-04 16:18:06'),
(486,34,310,'Nias Utara','2020-05-04 16:18:06','2020-05-04 16:18:06'),
(487,34,319,'Padang Lawas','2020-05-04 16:18:07','2020-05-04 16:18:07'),
(488,34,320,'Padang Lawas Utara','2020-05-04 16:18:07','2020-05-04 16:18:07'),
(489,34,323,'Padang Sidempuan','2020-05-04 16:18:07','2020-05-04 16:18:07'),
(490,34,325,'Pakpak Bharat','2020-05-04 16:18:07','2020-05-04 16:18:07'),
(491,34,353,'Pematang Siantar','2020-05-04 16:18:07','2020-05-04 16:18:07'),
(492,34,389,'Samosir','2020-05-04 16:18:07','2020-05-04 16:18:07'),
(493,34,404,'Serdang Bedagai','2020-05-04 16:18:07','2020-05-04 16:18:07'),
(494,34,407,'Sibolga','2020-05-04 16:18:07','2020-05-04 16:18:07'),
(495,34,413,'Simalungun','2020-05-04 16:18:07','2020-05-04 16:18:07'),
(496,34,459,'Tanjung Balai','2020-05-04 16:18:07','2020-05-04 16:18:07'),
(497,34,463,'Tapanuli Selatan','2020-05-04 16:18:07','2020-05-04 16:18:07'),
(498,34,464,'Tapanuli Tengah','2020-05-04 16:18:08','2020-05-04 16:18:08'),
(499,34,465,'Tapanuli Utara','2020-05-04 16:18:08','2020-05-04 16:18:08'),
(500,34,470,'Tebing Tinggi','2020-05-04 16:18:08','2020-05-04 16:18:08'),
(501,34,481,'Toba Samosir','2020-05-04 16:18:08','2020-05-04 16:18:08');

/*Table structure for table `couriers` */

DROP TABLE IF EXISTS `couriers`;

CREATE TABLE `couriers` (
  `id` int(10) unsigned NOT NULL AUTO_INCREMENT,
  `code` varchar(191) COLLATE utf8mb4_unicode_ci DEFAULT NULL,
  `courier` varchar(191) CHARACTER SET utf8mb4 COLLATE utf8mb4_unicode_ci NOT NULL,
  `created_at` timestamp NULL DEFAULT NULL,
  `updated_at` timestamp NULL DEFAULT NULL,
  `deleted_at` timestamp NULL DEFAULT NULL,
  PRIMARY KEY (`id`)
) ENGINE=InnoDB AUTO_INCREMENT=6 DEFAULT CHARSET=utf8mb4 COLLATE=utf8mb4_unicode_ci;

/*Data for the table `couriers` */

insert  into `couriers`(`id`,`code`,`courier`,`created_at`,`updated_at`,`deleted_at`) values 
(1,'jne','JNE','2020-04-05 01:47:02','2020-04-25 17:48:25',NULL),
(2,'pos','POS','2020-05-22 22:29:11','2020-05-22 22:29:13',NULL),
(3,'tiki','TIKI','2020-05-22 22:32:39','2020-05-22 22:32:40',NULL);

/*Table structure for table `discounts` */

DROP TABLE IF EXISTS `discounts`;

CREATE TABLE `discounts` (
  `id` int(10) NOT NULL AUTO_INCREMENT,
  `id_product` int(10) unsigned DEFAULT NULL,
  `percentage` int(3) DEFAULT NULL,
  `start` date DEFAULT NULL,
  `end` date DEFAULT NULL,
  `created_at` timestamp NULL DEFAULT NULL,
  `updated_at` timestamp NULL DEFAULT NULL,
  `deleted_at` timestamp NULL DEFAULT NULL,
  PRIMARY KEY (`id`),
  KEY `id_product` (`id_product`),
  CONSTRAINT `discounts_ibfk_1` FOREIGN KEY (`id_product`) REFERENCES `products` (`id`)
) ENGINE=InnoDB AUTO_INCREMENT=32 DEFAULT CHARSET=latin1;

/*Data for the table `discounts` */

insert  into `discounts`(`id`,`id_product`,`percentage`,`start`,`end`,`created_at`,`updated_at`,`deleted_at`) values 
(22,37,23,'2020-04-28','2020-05-29','2020-04-25 18:46:05','2020-04-25 21:05:04',NULL),
(25,36,12,'2020-04-01','2020-06-07','2020-04-25 21:00:53','2020-05-25 02:55:05',NULL),
(26,38,25,'2020-04-28','2020-05-29','2020-04-25 21:03:49','2020-04-25 22:07:30',NULL),
(29,35,25,'2020-04-24','2020-04-25','2020-04-25 22:30:13','2020-04-25 22:30:13',NULL);

/*Table structure for table `migrations` */

DROP TABLE IF EXISTS `migrations`;

CREATE TABLE `migrations` (
  `id` int(10) unsigned NOT NULL AUTO_INCREMENT,
  `migration` varchar(191) CHARACTER SET utf8mb4 COLLATE utf8mb4_unicode_ci NOT NULL,
  `batch` int(11) NOT NULL,
  PRIMARY KEY (`id`)
) ENGINE=InnoDB AUTO_INCREMENT=24 DEFAULT CHARSET=utf8mb4 COLLATE=utf8mb4_unicode_ci;

/*Data for the table `migrations` */

insert  into `migrations`(`id`,`migration`,`batch`) values 
(1,'2014_10_12_000000_create_users_table',1),
(2,'2014_10_12_100000_create_password_resets_table',1),
(3,'2019_02_15_123603_create_admins_table',1),
(4,'2019_02_15_123744_create_sellers_table',1),
(5,'2019_02_15_125445_create_products_table',1),
(6,'2019_02_15_130341_create_product_images_table',1),
(7,'2019_02_15_131114_create_transactions_table',1),
(8,'2019_02_15_131132_create_transaction_details_table',1),
(9,'2019_02_15_132352_create_product_categories_table',1),
(10,'2019_02_15_132701_create_carts_table',1),
(11,'2019_02_15_134220_create_wishlists_table',1),
(12,'2019_02_16_044815_create_rates_table',1),
(13,'2019_02_16_045411_create_product_reviews_table',1),
(14,'2019_02_16_062504_create_qna_products_table',1),
(15,'2019_02_16_063238_create_shopping_voucers_table',1),
(16,'2019_02_16_064643_create_couriers_table',1),
(17,'2019_02_16_102028_create_notifications_table',1),
(18,'2019_02_16_103007_create_seller_notifications_table',1),
(19,'2019_02_16_103024_create_user_notifications_table',1),
(22,'2020_05_04_151256_create_provinces_table',2),
(23,'2020_05_04_151420_create_cities_table',2);

/*Table structure for table `password_resets` */

DROP TABLE IF EXISTS `password_resets`;

CREATE TABLE `password_resets` (
  `email` varchar(191) CHARACTER SET utf8mb4 COLLATE utf8mb4_unicode_ci NOT NULL,
  `token` varchar(191) CHARACTER SET utf8mb4 COLLATE utf8mb4_unicode_ci NOT NULL,
  `created_at` timestamp NULL DEFAULT NULL,
  KEY `password_resets_email_index` (`email`)
) ENGINE=InnoDB DEFAULT CHARSET=utf8mb4 COLLATE=utf8mb4_unicode_ci;

/*Data for the table `password_resets` */

/*Table structure for table `product_categories` */

DROP TABLE IF EXISTS `product_categories`;

CREATE TABLE `product_categories` (
  `id` int(10) unsigned NOT NULL AUTO_INCREMENT,
  `category_name` varchar(191) CHARACTER SET utf8mb4 COLLATE utf8mb4_unicode_ci NOT NULL,
  `created_at` timestamp NULL DEFAULT NULL,
  `updated_at` timestamp NULL DEFAULT NULL,
  `deleted_at` timestamp NULL DEFAULT NULL,
  PRIMARY KEY (`id`)
) ENGINE=InnoDB AUTO_INCREMENT=12 DEFAULT CHARSET=utf8mb4 COLLATE=utf8mb4_unicode_ci;

/*Data for the table `product_categories` */

insert  into `product_categories`(`id`,`category_name`,`created_at`,`updated_at`,`deleted_at`) values 
(1,'Kamera','2020-04-05 01:52:07','2020-04-05 01:52:09',NULL),
(2,'Aksesoris Kamera','2020-04-07 23:41:33','2020-04-07 23:41:36',NULL),
(3,'Laptop','2020-04-24 06:28:03','2020-04-24 06:28:05',NULL),
(4,'Handphone','2020-04-25 08:21:11','2020-04-25 08:21:16',NULL),
(5,'Aksesoris Handphone','2020-04-25 08:21:13','2020-04-25 08:21:18',NULL),
(6,'Aksesoris Laptop','2020-04-25 08:48:02','2020-04-25 08:48:04',NULL),
(7,'Gaming','2020-04-25 08:49:23','2020-04-25 08:49:25',NULL),
(8,'Notebook','2020-04-25 08:49:35','2020-04-25 08:49:37',NULL),
(9,'Professional','2020-04-25 08:50:16','2020-04-25 08:50:19',NULL),
(11,'Penghuni Trash','2020-04-25 16:50:42','2020-04-25 16:51:49','2020-04-25 16:51:49');

/*Table structure for table `product_category_details` */

DROP TABLE IF EXISTS `product_category_details`;

CREATE TABLE `product_category_details` (
  `id` int(10) unsigned NOT NULL AUTO_INCREMENT,
  `product_id` int(10) unsigned NOT NULL,
  `category_id` int(10) unsigned NOT NULL,
  `created_at` timestamp NOT NULL DEFAULT CURRENT_TIMESTAMP ON UPDATE CURRENT_TIMESTAMP,
  `updated_at` timestamp NOT NULL DEFAULT '0000-00-00 00:00:00',
  PRIMARY KEY (`id`),
  KEY `product_id` (`product_id`),
  KEY `category_id` (`category_id`),
  CONSTRAINT `product_category_details_ibfk_1` FOREIGN KEY (`product_id`) REFERENCES `products` (`id`),
  CONSTRAINT `product_category_details_ibfk_2` FOREIGN KEY (`category_id`) REFERENCES `product_categories` (`id`)
) ENGINE=InnoDB AUTO_INCREMENT=89 DEFAULT CHARSET=latin1;

/*Data for the table `product_category_details` */

insert  into `product_category_details`(`id`,`product_id`,`category_id`,`created_at`,`updated_at`) values 
(8,5,1,'2020-04-12 23:42:08','2020-04-12 23:42:04'),
(9,6,1,'2020-04-12 23:45:06','2020-04-12 23:45:04'),
(10,7,1,'2020-04-12 23:45:10','2020-04-12 23:45:15'),
(11,8,1,'2020-04-13 00:43:14','2020-04-13 00:43:16'),
(12,9,1,'2020-04-13 00:43:22','2020-04-13 00:43:24'),
(14,13,2,'2020-04-12 19:01:59','2020-04-12 19:01:59'),
(15,14,2,'2020-04-12 19:45:27','2020-04-12 19:45:27'),
(16,11,1,'2020-04-13 03:51:18','2020-04-13 03:51:21'),
(19,17,2,'2020-04-12 20:34:14','2020-04-12 20:34:14'),
(20,18,2,'2020-04-12 20:40:11','2020-04-12 20:40:11'),
(21,19,1,'2020-04-13 05:10:51','2020-04-12 21:10:51'),
(22,20,2,'2020-04-13 10:21:08','2020-04-13 10:21:08'),
(23,21,2,'2020-04-13 10:43:29','2020-04-13 10:43:29'),
(24,22,2,'2020-04-13 10:44:48','2020-04-13 10:44:48'),
(26,25,2,'2020-04-13 16:05:04','2020-04-13 16:05:04'),
(27,28,2,'2020-04-14 00:27:53','2020-04-13 16:27:53'),
(28,29,1,'2020-04-13 16:36:57','2020-04-13 16:36:57'),
(65,1,4,'2020-04-25 00:48:35','2020-04-25 00:48:35'),
(68,37,3,'2020-04-25 00:51:15','2020-04-25 00:51:15'),
(69,37,7,'2020-04-25 00:51:15','2020-04-25 00:51:15'),
(70,36,3,'2020-04-25 00:51:26','2020-04-25 00:51:26'),
(71,36,7,'2020-04-25 00:51:26','2020-04-25 00:51:26'),
(72,35,3,'2020-04-25 00:51:40','2020-04-25 00:51:40'),
(73,35,7,'2020-04-25 00:51:40','2020-04-25 00:51:40'),
(74,15,4,'2020-04-25 00:51:56','2020-04-25 00:51:56'),
(75,12,4,'2020-04-25 00:52:20','2020-04-25 00:52:20'),
(76,3,6,'2020-04-25 00:52:33','2020-04-25 00:52:33'),
(77,3,7,'2020-04-25 00:52:33','2020-04-25 00:52:33'),
(83,41,3,'2020-04-25 22:31:43','2020-04-25 22:31:43'),
(84,41,7,'2020-04-25 22:31:44','2020-04-25 22:31:44'),
(85,38,3,'2020-04-25 22:32:02','2020-04-25 22:32:02'),
(86,38,7,'2020-04-25 22:32:02','2020-04-25 22:32:02'),
(87,42,3,'2020-04-29 06:48:50','2020-04-29 06:48:50'),
(88,42,7,'2020-04-29 06:48:50','2020-04-29 06:48:50');

/*Table structure for table `product_images` */

DROP TABLE IF EXISTS `product_images`;

CREATE TABLE `product_images` (
  `id` int(10) unsigned NOT NULL AUTO_INCREMENT,
  `product_id` int(10) unsigned NOT NULL,
  `image_name` varchar(191) CHARACTER SET utf8mb4 COLLATE utf8mb4_unicode_ci NOT NULL,
  `created_at` timestamp NULL DEFAULT NULL,
  `updated_at` timestamp NULL DEFAULT NULL,
  PRIMARY KEY (`id`),
  KEY `product_id` (`product_id`),
  CONSTRAINT `product_images_ibfk_1` FOREIGN KEY (`product_id`) REFERENCES `products` (`id`)
) ENGINE=InnoDB AUTO_INCREMENT=80 DEFAULT CHARSET=utf8mb4 COLLATE=utf8mb4_unicode_ci;

/*Data for the table `product_images` */

insert  into `product_images`(`id`,`product_id`,`image_name`,`created_at`,`updated_at`) values 
(60,42,'1588686903_unnamed.jpg','2020-05-05 13:55:03','2020-05-05 13:55:03'),
(61,41,'1588686922_Acer_Predator_Helios_500_L_1.jpg','2020-05-05 13:55:22','2020-05-05 13:55:22'),
(62,38,'1588686951_5d9db28113ae6.jpg','2020-05-05 13:55:52','2020-05-05 13:55:52'),
(63,37,'1588686969_42747695_4a740f4d-4770-41b1-90d7-0633da446f11_700_700.png','2020-05-05 13:56:09','2020-05-05 13:56:09'),
(64,36,'1588686993_37229049_5cb4fe63-a865-47d2-a4f6-1ed8e2a662c0_1024_1024.png','2020-05-05 13:56:33','2020-05-05 13:56:33'),
(67,12,'1588687060_Samsung-Galaxy-S10-Duos-128GB-Black-8801643682149-27022019-01-p.jpg','2020-05-05 13:57:40','2020-05-05 13:57:40'),
(69,1,'1588687096_1.jpg','2020-05-05 13:58:16','2020-05-05 13:58:16'),
(70,35,'1588687434_1564507294000_IMG_1226144.jpg','2020-05-05 14:03:55','2020-05-05 14:03:55'),
(71,15,'1588696643_img-92495-1188-apple-iphone-6-plus-16-gb.jpg','2020-05-05 16:37:23','2020-05-05 16:37:23'),
(72,3,'1589328496_g403-prodigy-gaming-mouse15.webp','2020-05-13 00:01:36','2020-05-13 00:01:36'),
(73,3,'1589584510_LOGITECH-Gaming-Mouse-G402-SKU01414494_0-20140919161025.jpg','2020-05-13 00:08:16','2020-05-13 00:08:16'),
(74,3,'1589328607_g604-gallery-1.webp','2020-05-13 00:10:07','2020-05-13 00:10:07'),
(75,15,'1589328883_uploaded_a989d786d8e456773e216569d81612aa.jpg','2020-05-13 00:14:43','2020-05-13 00:14:43'),
(76,15,'1589328883_uploaded_bb73ce25fb2630cccbea106a60274f93.jpg','2020-05-13 00:14:43','2020-05-13 00:14:43'),
(78,15,'1589329041_be54201b7851b2f02bdbb66c76c61fec.jpg','2020-05-13 00:17:21','2020-05-13 00:17:21'),
(79,3,'1589328096_g502-lightspeed-gallery-1.webp','2020-05-15 23:15:10','2020-05-15 23:15:10');

/*Table structure for table `product_reviews` */

DROP TABLE IF EXISTS `product_reviews`;

CREATE TABLE `product_reviews` (
  `id` int(10) unsigned NOT NULL AUTO_INCREMENT,
  `product_id` int(10) unsigned NOT NULL,
  `user_id` int(10) unsigned NOT NULL,
  `rate` int(1) NOT NULL,
  `content` text CHARACTER SET utf8mb4 COLLATE utf8mb4_unicode_ci NOT NULL,
  `created_at` timestamp NULL DEFAULT NULL,
  `updated_at` timestamp NULL DEFAULT NULL,
  `status` int(11) DEFAULT NULL,
  `deleted_at` timestamp NULL DEFAULT NULL,
  PRIMARY KEY (`id`),
  KEY `user_id` (`user_id`),
  KEY `rate_id` (`rate`),
  KEY `product_id` (`product_id`),
  CONSTRAINT `product_reviews_ibfk_1` FOREIGN KEY (`user_id`) REFERENCES `users` (`id`),
  CONSTRAINT `product_reviews_ibfk_3` FOREIGN KEY (`product_id`) REFERENCES `products` (`id`)
) ENGINE=InnoDB AUTO_INCREMENT=30 DEFAULT CHARSET=utf8mb4 COLLATE=utf8mb4_unicode_ci;

/*Data for the table `product_reviews` */

insert  into `product_reviews`(`id`,`product_id`,`user_id`,`rate`,`content`,`created_at`,`updated_at`,`status`,`deleted_at`) values 
(1,1,1,1,'wow','2020-04-04 19:26:30','2020-05-22 01:10:15',NULL,NULL),
(2,1,2,1,'p','2020-05-22 11:29:18','2020-05-22 11:29:21',NULL,NULL),
(3,37,1,5,'well','2020-05-24 11:12:57','2020-05-24 11:12:57',NULL,NULL),
(4,3,1,5,'wow','2020-05-24 11:14:53','2020-05-24 11:14:53',NULL,NULL),
(9,35,1,5,'keren','2020-05-24 19:58:32','2020-05-24 19:58:32',NULL,NULL),
(11,42,1,1,'kere','2020-05-24 21:25:15','2020-05-24 21:25:15',NULL,NULL),
(13,41,1,3,'ok','2020-05-25 02:40:03','2020-05-25 02:40:03',NULL,NULL),
(14,15,1,4,'ya ini aifong','2020-05-25 02:47:45','2020-05-25 02:47:45',NULL,NULL),
(28,12,1,1,'keren p','2020-05-26 05:26:13','2020-05-26 05:26:13',NULL,NULL),
(29,12,2,4,'P','2020-05-26 14:47:47','2020-05-26 14:47:49',NULL,NULL);

/*Table structure for table `products` */

DROP TABLE IF EXISTS `products`;

CREATE TABLE `products` (
  `id` int(10) unsigned NOT NULL AUTO_INCREMENT,
  `product_name` varchar(191) CHARACTER SET utf8mb4 COLLATE utf8mb4_unicode_ci NOT NULL,
  `price` int(11) NOT NULL,
  `description` text CHARACTER SET utf8mb4 COLLATE utf8mb4_unicode_ci NOT NULL,
  `product_rate` double DEFAULT NULL,
  `created_at` timestamp NULL DEFAULT NULL,
  `updated_at` timestamp NULL DEFAULT NULL,
  `stock` int(10) DEFAULT NULL,
  `weight` int(3) DEFAULT NULL,
  `deleted_at` datetime DEFAULT NULL,
  PRIMARY KEY (`id`)
) ENGINE=InnoDB AUTO_INCREMENT=43 DEFAULT CHARSET=utf8mb4 COLLATE=utf8mb4_unicode_ci;

/*Data for the table `products` */

insert  into `products`(`id`,`product_name`,`price`,`description`,`product_rate`,`created_at`,`updated_at`,`stock`,`weight`,`deleted_at`) values 
(1,'HP Oppo',1500000,'Fitur Mantap, Bisa buat menumbangkan negara adidaya superpower, Fitur Mantap, Bisa buat menumbangkan negara adidaya superpower, Fitur Mantap, Bisa buat menumbangkan negara adidaya superpower, Fitur Mantap, Bisa buat menumbangkan negara adidaya superpower',1,'2020-04-02 04:02:10','2020-05-22 01:10:15',0,1,NULL),
(2,'Leptop MSI',10000,'Mantap, terlalu op buat push reng',5,'2020-04-02 16:27:29','2020-04-24 22:19:31',1,1,'2020-04-24 22:19:31'),
(3,'Mouse Logitech G65',500000,'Asik',5,'2020-04-04 01:45:00','2020-05-24 11:14:53',0,1,NULL),
(5,'Sepatu',10000,'Asoy',0,'2020-04-04 01:49:54','2020-04-24 22:19:38',1,1,'2020-04-24 22:19:38'),
(6,'Dompet',10000,'wow',0,'2020-04-04 01:59:55','2020-04-24 22:19:43',1,1,'2020-04-24 22:19:43'),
(7,'Ikat Pinggang',10000,'Yeah',0,'2020-04-04 02:01:13','2020-04-24 22:19:25',1,1,'2020-04-24 22:19:25'),
(8,'Kalung',1000,'Wow',0,'2020-04-03 18:23:45','2020-04-12 20:59:23',1,1,'2020-04-12 20:59:23'),
(9,'Gunting Kuku',12000,'Wow, ini sangat berguna',0,'2020-04-03 18:46:37','2020-04-12 20:40:52',12,100,'2020-04-12 20:40:52'),
(11,'Planga Plongo',10000,'ngutang teros, kapan negara ini maju',0,'2020-04-07 13:28:10','2020-04-24 22:19:20',69,700,'2020-04-24 22:19:20'),
(12,'Samsung Galaxy S10',12000000,'keren ajah',1,'2020-04-12 18:13:07','2020-05-26 06:45:36',76,100,NULL),
(13,'Barang',12000,'wah',0,'2020-04-12 19:01:59','2020-04-12 20:32:42',12,120,'2020-04-12 20:32:42'),
(14,'Batu',10000,'Keras',0,'2020-04-12 19:45:24','2020-04-12 20:16:22',12,12,'2020-04-12 20:16:22'),
(15,'Apple Iphone 6 Plus',9000000,'Fitur Mantap, Bisa buat menumbangkan negara adidaya superpower berperisai',4,'2020-04-12 20:08:10','2020-05-26 06:45:36',8,200,NULL),
(17,'dummy',12,'dummy product',0,'2020-04-12 20:34:14','2020-04-12 20:34:32',12,12,'2020-04-12 20:34:32'),
(18,'dummy123',2000,'dummy product',0,'2020-04-12 20:40:11','2020-04-12 20:40:20',12,120,'2020-04-12 20:40:20'),
(19,'test product 123',12000,'test',0,'2020-04-12 21:10:19','2020-04-12 21:55:07',12,120,'2020-04-12 21:55:07'),
(20,'testmulti123',12000,'wah',0,'2020-04-13 10:21:07','2020-04-13 10:41:09',1,1,'2020-04-13 10:41:09'),
(21,'punten',10000,'wow',0,'2020-04-13 10:43:29','2020-04-13 10:44:30',12,120,'2020-04-13 10:44:30'),
(22,'slur',123000,'wow',0,'2020-04-13 10:44:48','2020-04-24 22:19:15',12,12,'2020-04-24 22:19:15'),
(25,'Ampas kuda',10000,'dummy product',0,'2020-04-13 16:05:04','2020-04-13 16:10:39',123,120,'2020-04-13 16:10:39'),
(28,'8ummy 800',120000,'dummy product',0,'2020-04-13 16:27:53','2020-04-13 16:37:50',123,100,'2020-04-13 16:37:50'),
(29,'Kalung emas',123000,'wah',0,'2020-04-13 16:36:57','2020-04-27 13:41:10',123,100,'2020-04-27 13:41:10'),
(35,'MSI GL 65 Leopard',20000000,'wow',5,'2020-04-24 21:34:57','2020-05-26 05:32:05',10,12,NULL),
(36,'MSI GF 73',15000000,'dummy product',0,'2020-04-24 22:02:24','2020-04-25 00:51:26',0,120,NULL),
(37,'MSI Titan 75',20000000,'dummy product wow mantap',5,'2020-04-24 22:05:51','2020-05-24 18:33:50',9,100,NULL),
(38,'MSI Titan 76',200000000,'wow mntap anjing',0,'2020-04-24 22:33:00','2020-04-25 22:32:02',123,100,NULL),
(41,'Acer Predator',20000000,'wow',3,'2020-04-25 22:31:43','2020-05-25 02:40:03',0,45,NULL),
(42,'Asus TUF',15000000,'wow keren njir',1,'2020-04-29 06:48:50','2020-05-24 21:25:16',0,200,NULL);

/*Table structure for table `provinces` */

DROP TABLE IF EXISTS `provinces`;

CREATE TABLE `provinces` (
  `id` bigint(20) unsigned NOT NULL AUTO_INCREMENT,
  `province_id` int(10) unsigned NOT NULL,
  `title` varchar(191) COLLATE utf8mb4_unicode_ci NOT NULL,
  `created_at` timestamp NULL DEFAULT NULL,
  `updated_at` timestamp NULL DEFAULT NULL,
  PRIMARY KEY (`id`)
) ENGINE=InnoDB AUTO_INCREMENT=35 DEFAULT CHARSET=utf8mb4 COLLATE=utf8mb4_unicode_ci;

/*Data for the table `provinces` */

insert  into `provinces`(`id`,`province_id`,`title`,`created_at`,`updated_at`) values 
(1,1,'Bali','2020-05-04 16:15:22','2020-05-04 16:15:22'),
(2,2,'Bangka Belitung','2020-05-04 16:15:23','2020-05-04 16:15:23'),
(3,3,'Banten','2020-05-04 16:15:26','2020-05-04 16:15:26'),
(4,4,'Bengkulu','2020-05-04 16:15:29','2020-05-04 16:15:29'),
(5,5,'DI Yogyakarta','2020-05-04 16:15:30','2020-05-04 16:15:30'),
(6,6,'DKI Jakarta','2020-05-04 16:15:33','2020-05-04 16:15:33'),
(7,7,'Gorontalo','2020-05-04 16:15:36','2020-05-04 16:15:36'),
(8,8,'Jambi','2020-05-04 16:15:37','2020-05-04 16:15:37'),
(9,9,'Jawa Barat','2020-05-04 16:15:40','2020-05-04 16:15:40'),
(10,10,'Jawa Tengah','2020-05-04 16:15:44','2020-05-04 16:15:44'),
(11,11,'Jawa Timur','2020-05-04 16:15:57','2020-05-04 16:15:57'),
(12,12,'Kalimantan Barat','2020-05-04 16:16:01','2020-05-04 16:16:01'),
(13,13,'Kalimantan Selatan','2020-05-04 16:16:03','2020-05-04 16:16:03'),
(14,14,'Kalimantan Tengah','2020-05-04 16:16:05','2020-05-04 16:16:05'),
(15,15,'Kalimantan Timur','2020-05-04 16:16:07','2020-05-04 16:16:07'),
(16,16,'Kalimantan Utara','2020-05-04 16:16:10','2020-05-04 16:16:10'),
(17,17,'Kepulauan Riau','2020-05-04 16:16:12','2020-05-04 16:16:12'),
(18,18,'Lampung','2020-05-04 16:16:15','2020-05-04 16:16:15'),
(19,19,'Maluku','2020-05-04 16:16:17','2020-05-04 16:16:17'),
(20,20,'Maluku Utara','2020-05-04 16:16:19','2020-05-04 16:16:19'),
(21,21,'Nanggroe Aceh Darussalam (NAD)','2020-05-04 16:16:22','2020-05-04 16:16:22'),
(22,22,'Nusa Tenggara Barat (NTB)','2020-05-04 16:16:25','2020-05-04 16:16:25'),
(23,23,'Nusa Tenggara Timur (NTT)','2020-05-04 16:16:29','2020-05-04 16:16:29'),
(24,24,'Papua','2020-05-04 16:16:35','2020-05-04 16:16:35'),
(25,25,'Papua Barat','2020-05-04 16:16:45','2020-05-04 16:16:45'),
(26,26,'Riau','2020-05-04 16:17:09','2020-05-04 16:17:09'),
(27,27,'Sulawesi Barat','2020-05-04 16:17:10','2020-05-04 16:17:10'),
(28,28,'Sulawesi Selatan','2020-05-04 16:17:12','2020-05-04 16:17:12'),
(29,29,'Sulawesi Tengah','2020-05-04 16:17:17','2020-05-04 16:17:17'),
(30,30,'Sulawesi Tenggara','2020-05-04 16:17:20','2020-05-04 16:17:20'),
(31,31,'Sulawesi Utara','2020-05-04 16:17:23','2020-05-04 16:17:23'),
(32,32,'Sumatera Barat','2020-05-04 16:17:32','2020-05-04 16:17:32'),
(33,33,'Sumatera Selatan','2020-05-04 16:18:00','2020-05-04 16:18:00'),
(34,34,'Sumatera Utara','2020-05-04 16:18:03','2020-05-04 16:18:03');

/*Table structure for table `response` */

DROP TABLE IF EXISTS `response`;

CREATE TABLE `response` (
  `id` int(10) unsigned NOT NULL AUTO_INCREMENT,
  `review_id` int(10) unsigned NOT NULL,
  `admin_id` int(10) unsigned NOT NULL,
  `content` text NOT NULL,
  `created_at` timestamp NOT NULL DEFAULT CURRENT_TIMESTAMP ON UPDATE CURRENT_TIMESTAMP,
  `updated_at` timestamp NOT NULL DEFAULT '0000-00-00 00:00:00',
  PRIMARY KEY (`id`),
  KEY `review_id` (`review_id`),
  KEY `admin_id` (`admin_id`),
  CONSTRAINT `response_ibfk_1` FOREIGN KEY (`review_id`) REFERENCES `product_reviews` (`id`),
  CONSTRAINT `response_ibfk_2` FOREIGN KEY (`admin_id`) REFERENCES `admins` (`id`)
) ENGINE=InnoDB AUTO_INCREMENT=17 DEFAULT CHARSET=latin1;

/*Data for the table `response` */

insert  into `response`(`id`,`review_id`,`admin_id`,`content`,`created_at`,`updated_at`) values 
(1,1,1,'makasi','2020-05-22 01:11:10','2020-05-22 01:11:10'),
(2,3,1,'ok','2020-05-24 11:14:03','2020-05-24 11:14:03'),
(3,4,1,'p','2020-05-24 11:15:32','2020-05-24 11:15:32'),
(4,11,1,'oke gan','2020-05-24 21:33:54','2020-05-24 21:33:54'),
(10,13,1,'yaya','2020-05-25 02:40:28','2020-05-25 02:40:28'),
(11,14,1,'terus engken bro?','2020-05-25 02:48:07','2020-05-25 02:48:07'),
(14,9,1,'p','2020-05-26 03:32:31','2020-05-26 03:32:31'),
(16,28,1,'ok','2020-05-26 05:26:30','2020-05-26 05:26:30');

/*Table structure for table `transaction_details` */

DROP TABLE IF EXISTS `transaction_details`;

CREATE TABLE `transaction_details` (
  `id` int(10) unsigned NOT NULL AUTO_INCREMENT,
  `transaction_id` int(10) unsigned NOT NULL,
  `product_id` int(10) unsigned NOT NULL,
  `qty` int(11) NOT NULL,
  `discount` int(3) DEFAULT NULL,
  `selling_price` int(11) DEFAULT NULL,
  `created_at` timestamp NULL DEFAULT NULL,
  `updated_at` timestamp NULL DEFAULT NULL,
  PRIMARY KEY (`id`),
  KEY `id_transaction` (`transaction_id`),
  KEY `id_product` (`product_id`),
  CONSTRAINT `transaction_details_ibfk_1` FOREIGN KEY (`transaction_id`) REFERENCES `transactions` (`id`),
  CONSTRAINT `transaction_details_ibfk_2` FOREIGN KEY (`product_id`) REFERENCES `products` (`id`)
) ENGINE=InnoDB AUTO_INCREMENT=22 DEFAULT CHARSET=utf8mb4 COLLATE=utf8mb4_unicode_ci;

/*Data for the table `transaction_details` */

insert  into `transaction_details`(`id`,`transaction_id`,`product_id`,`qty`,`discount`,`selling_price`,`created_at`,`updated_at`) values 
(1,1,1,1,0,1500000,'2020-05-22 09:02:43','2020-05-22 09:02:43'),
(2,2,37,1,23,20000000,'2020-05-24 19:08:43','2020-05-24 19:08:43'),
(3,2,3,1,0,500000,'2020-05-24 19:08:43','2020-05-24 19:08:43'),
(4,3,35,1,0,20000000,'2020-05-24 22:49:41','2020-05-24 22:49:41'),
(5,4,12,1,0,12000000,'2020-05-24 23:09:58','2020-05-24 23:09:58'),
(6,5,12,1,0,12000000,'2020-05-25 00:37:19','2020-05-25 00:37:19'),
(7,6,15,1,0,9000000,'2020-05-25 01:28:34','2020-05-25 01:28:34'),
(8,7,15,1,0,9000000,'2020-05-25 02:33:15','2020-05-25 02:33:15'),
(9,7,37,2,23,20000000,'2020-05-25 02:33:15','2020-05-25 02:33:15'),
(10,8,35,1,0,20000000,'2020-05-25 03:55:29','2020-05-25 03:55:29'),
(11,9,42,1,0,15000000,'2020-05-25 04:29:14','2020-05-25 04:29:14'),
(12,10,42,1,0,15000000,'2020-05-25 05:24:09','2020-05-25 05:24:09'),
(13,11,12,1,0,12000000,'2020-05-25 05:55:04','2020-05-25 05:55:04'),
(14,12,41,1,0,20000000,'2020-05-25 10:37:58','2020-05-25 10:37:58'),
(15,13,15,1,0,9000000,'2020-05-25 10:46:59','2020-05-25 10:46:59'),
(16,14,12,1,0,12000000,'2020-05-26 12:09:10','2020-05-26 12:09:10'),
(17,15,12,1,0,12000000,'2020-05-26 12:51:24','2020-05-26 12:51:24'),
(18,16,35,1,0,20000000,'2020-05-26 13:31:22','2020-05-26 13:31:22'),
(19,17,12,1,0,12000000,'2020-05-26 14:44:53','2020-05-26 14:44:53'),
(20,17,15,1,0,9000000,'2020-05-26 14:44:53','2020-05-26 14:44:53'),
(21,18,37,1,23,20000000,'2020-05-26 14:49:43','2020-05-26 14:49:43');

/*Table structure for table `transactions` */

DROP TABLE IF EXISTS `transactions`;

CREATE TABLE `transactions` (
  `id` int(10) unsigned NOT NULL AUTO_INCREMENT,
  `timeout` datetime NOT NULL,
  `address` varchar(191) CHARACTER SET utf8mb4 COLLATE utf8mb4_unicode_ci NOT NULL,
  `regency` varchar(50) CHARACTER SET utf8mb4 COLLATE utf8mb4_unicode_ci NOT NULL,
  `province` varchar(50) CHARACTER SET utf8mb4 COLLATE utf8mb4_unicode_ci NOT NULL,
  `total` double(12,2) NOT NULL,
  `shipping_cost` double(12,2) NOT NULL,
  `sub_total` double(12,2) NOT NULL,
  `user_id` int(20) unsigned NOT NULL,
  `courier_id` int(10) unsigned NOT NULL,
  `proof_of_payment` varchar(191) CHARACTER SET utf8mb4 COLLATE utf8mb4_unicode_ci DEFAULT NULL,
  `created_at` timestamp NULL DEFAULT NULL,
  `updated_at` timestamp NULL DEFAULT NULL,
  `status` enum('unverified','verified','delivered','success','expired','canceled') CHARACTER SET utf8mb4 COLLATE utf8mb4_unicode_ci DEFAULT NULL,
  `telp` varchar(20) COLLATE utf8mb4_unicode_ci DEFAULT NULL,
  PRIMARY KEY (`id`),
  KEY `courier_id` (`courier_id`),
  KEY `user_id` (`user_id`),
  CONSTRAINT `transactions_ibfk_1` FOREIGN KEY (`courier_id`) REFERENCES `couriers` (`id`),
  CONSTRAINT `transactions_ibfk_2` FOREIGN KEY (`user_id`) REFERENCES `users` (`id`)
) ENGINE=InnoDB AUTO_INCREMENT=19 DEFAULT CHARSET=utf8mb4 COLLATE=utf8mb4_unicode_ci;

/*Data for the table `transactions` */

insert  into `transactions`(`id`,`timeout`,`address`,`regency`,`province`,`total`,`shipping_cost`,`sub_total`,`user_id`,`courier_id`,`proof_of_payment`,`created_at`,`updated_at`,`status`,`telp`) values 
(1,'2020-05-23 09:02:43','Jl. Narakesuma','Jakarta Pusat','DKI Jakarta',1535000.00,35000.00,1500000.00,1,1,'1590109722_apple-iphone-6s-plus-32gb-mobile-phone-large-1.jpg','2020-05-22 09:02:43','2020-05-22 01:09:47','success','088236109829'),
(2,'2020-05-25 19:08:42','jalan narakusuma no 39','Singkawang','Kalimantan Barat',15947000.00,47000.00,15900000.00,1,1,'1590318695_EYV4Fm6UEAUR3ts.jpg','2020-05-24 19:08:42','2020-05-24 11:12:13','success','0989'),
(3,'2020-05-25 22:49:40','jalan narakusuma no 39','Bangka Barat','Bangka Belitung',20044000.00,44000.00,20000000.00,1,1,NULL,'2020-05-24 22:49:40','2020-05-24 16:29:40','canceled',NULL),
(4,'2020-05-25 23:09:57','ccno39','Bangka Tengah','Bangka Belitung',12048000.00,48000.00,12000000.00,1,3,'1590345448_medical_icon_5-512.png','2020-05-24 23:09:57','2020-05-24 18:38:30','success',NULL),
(5,'2020-05-26 00:37:19','jalan kenangan','Bangka Barat','Bangka Belitung',12044000.00,44000.00,12000000.00,1,1,'1590344799_hqdefault.jpg','2020-05-25 00:37:19','2020-05-24 18:28:28','success','088236109829'),
(6,'2020-05-26 01:28:34','ccno39','Bangli','Bali',9009000.00,9000.00,9000000.00,1,1,'1590341631_hqdefault.jpg','2020-05-25 01:28:34','2020-05-24 18:16:26','success','088236109829'),
(7,'2020-05-26 02:33:15','ccno39','Bangka','Bangka Belitung',39844000.00,44000.00,39800000.00,1,1,'1590345209_2328369.png','2020-05-25 02:33:15','2020-05-24 18:34:00','success','08329891029'),
(8,'2020-05-26 03:55:28','ccno39','Jakarta Pusat','DKI Jakarta',20018000.00,18000.00,20000000.00,1,1,'1590350153_589851.jpg','2020-05-25 03:55:28','2020-05-24 19:58:22','success','088236109829'),
(9,'2020-05-26 04:29:14','ccno39','Nunukan','Kalimantan Utara',15057000.00,57000.00,15000000.00,1,1,'1590352386_589851.jpg','2020-05-25 04:29:14','2020-05-24 20:52:45','success','0989'),
(10,'2020-05-26 05:24:09','ccno39','Bangka Selatan','Bangka Belitung',15044000.00,44000.00,15000000.00,1,1,'1590355458_589851.jpg','2020-05-25 05:24:09','2020-05-24 21:25:07','success','088236109829'),
(11,'2020-05-26 05:55:04','ccno39','Batam','Kepulauan Riau',12031000.00,31000.00,12000000.00,1,1,'1590357313_589851.jpg','2020-05-25 05:55:04','2020-05-24 21:55:48','success','088236109829'),
(12,'2020-05-26 10:37:58','ccno39','Dairi','Sumatera Utara',20052000.00,52000.00,20000000.00,1,1,'1590374348_589851.jpg','2020-05-25 10:37:58','2020-05-25 02:39:48','success','909090902'),
(13,'2020-05-26 10:46:59','ccno39','Buleleng','Bali',9011000.00,11000.00,9000000.00,1,1,'1590374828_589851.jpg','2020-05-25 10:46:59','2020-05-25 02:47:32','success','088236109829'),
(14,'2020-05-27 12:09:09','jalan kenangan','Bangli','Bali',12009000.00,9000.00,12000000.00,1,1,'1590466176_589851.jpg','2020-05-26 12:09:09','2020-05-26 04:11:51','success','088236109829'),
(15,'2020-05-27 12:51:24','ccno39','Denpasar','Bali',12008000.00,8000.00,12000000.00,1,1,'1590469115_589851.jpg','2020-05-26 12:51:24','2020-05-26 05:03:24','success','088236109829'),
(16,'2020-05-27 13:31:21','ccno39','Bangli','Bali',20009000.00,9000.00,20000000.00,1,1,'1590471109_589851.jpg','2020-05-26 13:31:21','2020-05-26 05:32:32','success','088236109829'),
(17,'2020-05-27 14:44:52','ccno39','Buleleng','Bali',21011000.00,11000.00,21000000.00,1,1,'1590475505_589851.jpg','2020-05-26 14:44:52','2020-05-26 06:45:56','success','088236109829'),
(18,'2020-05-27 14:49:42','ccno39','Pandeglang','Banten',15422000.00,22000.00,15400000.00,1,1,NULL,'2020-05-26 14:49:42','2020-05-26 06:49:49','canceled','088236109829');

/*Table structure for table `user_notifications` */

DROP TABLE IF EXISTS `user_notifications`;

CREATE TABLE `user_notifications` (
  `id` char(36) CHARACTER SET utf8mb4 COLLATE utf8mb4_unicode_ci NOT NULL,
  `type` varchar(191) CHARACTER SET utf8mb4 COLLATE utf8mb4_unicode_ci NOT NULL,
  `notifiable_type` varchar(191) CHARACTER SET utf8mb4 COLLATE utf8mb4_unicode_ci NOT NULL,
  `notifiable_id` int(11) unsigned NOT NULL,
  `data` text CHARACTER SET utf8mb4 COLLATE utf8mb4_unicode_ci NOT NULL,
  `read_at` timestamp NULL DEFAULT NULL,
  `created_at` timestamp NULL DEFAULT NULL,
  `updated_at` timestamp NULL DEFAULT NULL,
  PRIMARY KEY (`id`),
  KEY `user_notifications_notifiable_type_notifiable_id_index` (`notifiable_type`,`notifiable_id`),
  KEY `notifiable_id` (`notifiable_id`),
  CONSTRAINT `user_notifications_ibfk_1` FOREIGN KEY (`notifiable_id`) REFERENCES `users` (`id`)
) ENGINE=InnoDB DEFAULT CHARSET=utf8mb4 COLLATE=utf8mb4_unicode_ci;

/*Data for the table `user_notifications` */

insert  into `user_notifications`(`id`,`type`,`notifiable_type`,`notifiable_id`,`data`,`read_at`,`created_at`,`updated_at`) values 
('02be417d-1171-4e98-a5f8-60cc69373e8a','App\\Notifications\\UserNotification','App\\User',1,'<a href =\'/transaksi/detail/15\'>Status Transaksimu dengan id 15 telah diupdate</a>','2020-05-26 05:03:28','2020-05-26 05:03:24','2020-05-26 05:03:28'),
('05fcddfc-e327-4d42-96b1-5108ab4874f2','App\\Notifications\\UserNotification','App\\User',1,'<a href =\'/transaksi/detail/15\'>Status Transaksimu dengan id 15 telah diupdate</a>','2020-05-26 05:03:28','2020-05-26 05:02:08','2020-05-26 05:03:28'),
('0a3a8d0e-ebe2-4e1c-8538-62e8a123da6a','App\\Notifications\\UserNotification','App\\User',1,'<a href =\'/transaksi/detail/16\'>Status Transaksimu dengan id 16 telah diupdate</a>','2020-05-26 05:42:48','2020-05-26 05:32:32','2020-05-26 05:42:48'),
('0b61237c-ff16-44e6-b90f-88d786dd1597','App\\Notifications\\UserNotification','App\\User',1,'<a href =\'/transaksi/detail/15\'>Status Transaksimu dengan id 15 telah diupdate</a>','2020-05-26 05:03:28','2020-05-26 04:59:03','2020-05-26 05:03:28'),
('3787aab8-7837-4825-bb7c-027bbd5c88b5','App\\Notifications\\UserNotification','App\\User',1,'<a href =\'/transaksi/detail/16\'>Status Transaksimu dengan id 16 telah diupdate</a>','2020-05-26 05:42:48','2020-05-26 05:32:22','2020-05-26 05:42:48'),
('4c358483-0cd1-47f5-97d0-ab16f5fef80b','App\\Notifications\\UserNotification','App\\User',1,'<a href =\'/product/35\'>Reviewmu di produk MSI GL 65 Leopard telah direspon oleh admin</a>','2020-05-26 03:36:55','2020-05-26 03:32:34','2020-05-26 03:36:55'),
('4d0d9722-b4bf-49ee-a5ec-6a05aa869aaa','App\\Notifications\\UserNotification','App\\User',1,'<a href =\'/transaksi/detail/18\'>Status Transaksimu dengan id 18 telah diupdate</a>','2020-05-26 06:49:52','2020-05-26 06:49:49','2020-05-26 06:49:52'),
('5b42d6dc-63a9-498e-a87e-eaae7be5b766','App\\Notifications\\UserNotification','App\\User',1,'<a href =\'/transaksi/detail/14\'>Status Transaksimu dengan id 14 telah diupdate</a>','2020-05-26 04:11:58','2020-05-26 04:11:51','2020-05-26 04:11:58'),
('5e6e9a08-3416-46e0-ad88-2ad0f8c94396','App\\Notifications\\UserNotification','App\\User',1,'<a href =\'/transaksi/detail/17\'>Status Transaksimu dengan id 17 telah diupdate</a>','2020-05-26 06:46:48','2020-05-26 06:45:47','2020-05-26 06:46:48'),
('6ced86c5-f526-4158-8aae-6c70d4f8c042','App\\Notifications\\UserNotification','App\\User',1,'<a href =\'/transaksi/detail/16\'>Status Transaksimu dengan id 16 telah diupdate</a>','2020-05-26 05:32:17','2020-05-26 05:32:05','2020-05-26 05:32:17'),
('760c4c3e-6b53-48d3-8158-b6ebe8f53792','App\\Notifications\\UserNotification','App\\User',1,'<a href =\'/transaksi/detail/14\'>Status Transaksimu dengan id 14 telah diupdate</a>','2020-05-26 04:11:58','2020-05-26 04:11:37','2020-05-26 04:11:58'),
('8269db64-0f5d-44f8-bfab-39b2c9312498','App\\Notifications\\UserNotification','App\\User',1,'<a href =\'/product/12\'>Reviewmu di produk Samsung Galaxy S10 telah direspon oleh admin</a>','2020-05-26 05:12:27','2020-05-26 05:12:14','2020-05-26 05:12:27'),
('ac4c4374-9fad-42f8-9ba9-2aa8f8612449','App\\Notifications\\UserNotification','App\\User',1,'<a href =\'/transaksi/detail/17\'>Status Transaksimu dengan id 17 telah diupdate</a>','2020-05-26 06:46:48','2020-05-26 06:45:36','2020-05-26 06:46:48'),
('f1289b76-9dbf-43e1-9d50-9c6be1be165c','App\\Notifications\\UserNotification','App\\User',1,'<a href =\'/transaksi/detail/14\'>Status Transaksimu dengan id 14 telah diupdate</a>','2020-05-26 04:11:58','2020-05-26 04:09:51','2020-05-26 04:11:58'),
('f779d9c1-9126-4e7e-99c6-ecf2af37ad7d','App\\Notifications\\UserNotification','App\\User',1,'<a href =\'/product/12\'>Reviewmu di produk Samsung Galaxy S10 telah direspon oleh admin</a>','2020-05-26 06:43:24','2020-05-26 05:26:30','2020-05-26 06:43:24'),
('fb013ecb-d080-4069-90bb-49f8cbdfb5e6','App\\Notifications\\UserNotification','App\\User',1,'<a href =\'/transaksi/detail/17\'>Status Transaksimu dengan id 17 telah diupdate</a>','2020-05-26 06:46:48','2020-05-26 06:45:56','2020-05-26 06:46:48');

/*Table structure for table `users` */

DROP TABLE IF EXISTS `users`;

CREATE TABLE `users` (
  `id` int(10) unsigned NOT NULL AUTO_INCREMENT,
  `name` varchar(191) CHARACTER SET utf8mb4 COLLATE utf8mb4_unicode_ci NOT NULL,
  `email` varchar(191) CHARACTER SET utf8mb4 COLLATE utf8mb4_unicode_ci NOT NULL,
  `profile_image` varchar(191) CHARACTER SET utf8mb4 COLLATE utf8mb4_unicode_ci NOT NULL,
  `status` varchar(191) CHARACTER SET utf8mb4 COLLATE utf8mb4_unicode_ci NOT NULL,
  `email_verified_at` timestamp NULL DEFAULT NULL,
  `password` varchar(191) CHARACTER SET utf8mb4 COLLATE utf8mb4_unicode_ci NOT NULL,
  `remember_token` varchar(100) CHARACTER SET utf8mb4 COLLATE utf8mb4_unicode_ci DEFAULT NULL,
  `created_at` timestamp NULL DEFAULT NULL,
  `updated_at` timestamp NULL DEFAULT NULL,
  `deleted_at` timestamp NULL DEFAULT NULL,
  PRIMARY KEY (`id`),
  UNIQUE KEY `users_email_unique` (`email`)
) ENGINE=InnoDB AUTO_INCREMENT=8 DEFAULT CHARSET=utf8mb4 COLLATE=utf8mb4_unicode_ci;

/*Data for the table `users` */

insert  into `users`(`id`,`name`,`email`,`profile_image`,`status`,`email_verified_at`,`password`,`remember_token`,`created_at`,`updated_at`,`deleted_at`) values 
(1,'Wahyu','wahyuivan999@ymail.com','1588015984.jpg','Sudah Terdaftar','2020-03-15 12:43:25','$2y$10$FRidXksA19y4YaI6uvNE3eNrTPECQyZ4TLZ/Fjp483EUO1R4oQdQ6','p7EFqlTWkSgNwYnrrm0AuJfWCTQoDTWbIMOuIdo2pXRYdu3iVc0RjpcL2mAr','2020-03-15 12:41:41','2020-04-27 19:33:05',NULL),
(2,'Depunk','depunk@gmail.com','1585828914.png','Sudah Terdaftar','2020-04-02 20:01:11','$2y$10$nXA62Gtv4baiBqzOkFp6F.NLcKTi9AxnJBjr7A02l3ucpPuP0AGzG',NULL,'2020-04-02 11:58:44','2020-04-02 12:01:59',NULL),
(4,'Wayan','wayan@gmail','1586195719.jpg','Sudah Terdaftar','2020-04-06 17:55:02','$2y$10$IHEsZlqz45VGLxqLTU5cjO9p7QGLCbTUK3yVCFNi5TQLJnrr4tx12',NULL,'2020-04-06 17:54:50','2020-04-06 17:55:19',NULL),
(6,'Punten','punten@gmail.com','def.png','Sudah Terdaftar','2020-04-06 18:11:38','$2y$10$4S..fn4v1u8DrsMcQY5agu2uvCZmdNLMXe8vFdKhJWkZWs.wykGvW',NULL,'2020-04-06 18:11:09','2020-04-06 18:11:38',NULL),
(7,'Test','tes@gmail.com','def.png','Sudah Terdaftar','2020-04-06 18:16:56','$2y$10$LqZfEyLQsPzeO4uC6PYk2u/JlTGHKlW4TDRuej2A9CY1fUybkKRTu',NULL,'2020-04-06 18:16:16','2020-04-06 18:16:56',NULL);

/*!40101 SET SQL_MODE=@OLD_SQL_MODE */;
/*!40014 SET FOREIGN_KEY_CHECKS=@OLD_FOREIGN_KEY_CHECKS */;
/*!40014 SET UNIQUE_CHECKS=@OLD_UNIQUE_CHECKS */;
/*!40111 SET SQL_NOTES=@OLD_SQL_NOTES */;
